Study Number,Author,Year,Design,Group,Age,Weight,Height,Sex_proportion (M),Sex,Experience,Group Sample Size,Assessment,Body Region,Muscle,Site (%),Type of measure,Intervention Duration,ROM,Full_ROM,Proportion of ROM,Muscle length,Sets per muscle (per session),Set volume equated,Volume load equated,Repetitions,Frequency (Weekly),Number of exercises (Per session),Contraction time (s),Intensity,Intensity Measure,Proximity to failure,Other exercises,Rest between sets (s),Mode of exercise,Muscle action,Mean Muscle Length (%),Muscle Length Startpoint (%),Muscle Length Endpoint (%),m_pre,sd_pre,m_post,sd_post,n
1,Alegre et al,2014,Between,90,19.3,65.6,175,0.8,B,UT,10,US,Lower,VL,25,MT,8,90,150,0.6,Long,3.5,Y,Y,6.1,2.6,1,5,72.5,MVC,Max,N,60,Isokinetic,Isometric,0.6,0.6,0.6,2.17,0.63,2.38,0.73,10
1,Alegre et al,2014,Between,90,19.3,65.6,175,0.8,B,UT,10,US,Lower,VL,50,MT,8,90,150,0.6,Long,3.5,Y,Y,6.1,2.6,1,5,72.5,MVC,Max,N,60,Isokinetic,Isometric,0.6,0.6,0.6,2.27,0.45,2.56,0.45,10
1,Alegre et al,2014,Between,90,19.3,65.6,175,0.8,B,UT,10,US,Lower,VL,75,MT,8,90,150,0.6,Long,3.5,Y,Y,6.1,2.6,1,5,72.5,MVC,Max,N,60,Isokinetic,Isometric,0.6,0.6,0.6,2.04,0.34,2.22,0.39,10
1,Alegre et al,2014,Between,50,18.8,67.9,172,0.666667,B,UT,9,US,Lower,VL,25,MT,8,50,150,0.33333333,Short,3.5,Y,Y,6.1,2.6,1,5,72.5,MVC,Max,N,60,Isokinetic,Isometric,0.333333333,0.333333333,0.333333333,2.39,0.55,2.51,0.51,9
1,Alegre et al,2014,Between,50,18.8,67.9,172,0.666667,B,UT,9,US,Lower,VL,50,MT,8,50,150,0.33333333,Short,3.5,Y,Y,6.1,2.6,1,5,72.5,MVC,Max,N,60,Isokinetic,Isometric,0.333333333,0.333333333,0.333333333,2.44,0.5,2.55,0.44,9
1,Alegre et al,2014,Between,50,18.8,67.9,172,0.666667,B,UT,9,US,Lower,VL,75,MT,8,50,150,0.33333333,Short,3.5,Y,Y,6.1,2.6,1,5,72.5,MVC,Max,N,60,Isokinetic,Isometric,0.333333333,0.333333333,0.333333333,1.84,0.31,1.98,0.25,9
2,Bloomquist et al,2013,Between,Deep,25,79,181,1,M,UT,8,MRI,Lower,Front thigh,60,CSA,12,120,150,0.8,Long,3.5,Y,N,7,3,1,3,03-Oct,RM,Varied,N,,Free weight,Isotonic,0.4,0.8,0,5431,712,5756,712,8
2,Bloomquist et al,2013,Between,Deep,25,79,181,1,M,UT,8,MRI,Lower,Front thigh,50,CSA,12,120,150,0.8,Long,3.5,Y,N,7,3,1,3,03-Oct,RM,Varied,N,,Free weight,Isotonic,0.4,0.8,0,6960,968,7308,981,8
2,Bloomquist et al,2013,Between,Deep,25,79,181,1,M,UT,8,MRI,Lower,Front thigh,40,CSA,12,120,150,0.8,Long,3.5,Y,N,7,3,1,3,03-Oct,RM,Varied,N,,Free weight,Isotonic,0.4,0.8,0,8335,971,8684,993,8
2,Bloomquist et al,2013,Between,Deep,25,79,181,1,M,UT,8,MRI,Lower,Front thigh,30,CSA,12,120,150,0.8,Long,3.5,Y,N,7,3,1,3,03-Oct,RM,Varied,N,,Free weight,Isotonic,0.4,0.8,0,9255,848,9680,848,8
2,Bloomquist et al,2013,Between,Deep,25,79,181,1,M,UT,8,MRI,Lower,Front thigh,20,CSA,12,120,150,0.8,Long,3.5,Y,N,7,3,1,3,03-Oct,RM,Varied,N,,Free weight,Isotonic,0.4,0.8,0,9453,661,9897,668,8
2,Bloomquist et al,2013,Between,Deep,25,79,181,1,M,UT,8,MRI,Lower,Front thigh,10,CSA,12,120,150,0.8,Long,3.5,Y,N,7,3,1,3,03-Oct,RM,Varied,N,,Free weight,Isotonic,0.4,0.8,0,8818,553,9444,583,8
2,Bloomquist et al,2013,Between,Deep,25,79,181,1,M,UT,8,MRI,Lower,Back thigh,60,CSA,12,120,150,0.8,Long,3.5,Y,N,7,3,1,3,03-Oct,RM,Varied,N,,Free weight,Isotonic,0.4,0.8,0,4941,676,4909,565,8
2,Bloomquist et al,2013,Between,Deep,25,79,181,1,M,UT,8,MRI,Lower,Back thigh,50,CSA,12,120,150,0.8,Long,3.5,Y,N,7,3,1,3,03-Oct,RM,Varied,N,,Free weight,Isotonic,0.4,0.8,0,6295,864,6252,716,8
2,Bloomquist et al,2013,Between,Deep,25,79,181,1,M,UT,8,MRI,Lower,Back thigh,40,CSA,12,120,150,0.8,Long,3.5,Y,N,7,3,1,3,03-Oct,RM,Varied,N,,Free weight,Isotonic,0.4,0.8,0,7682,1048,7714,864,8
2,Bloomquist et al,2013,Between,Deep,25,79,181,1,M,UT,8,MRI,Lower,Back thigh,30,CSA,12,120,150,0.8,Long,3.5,Y,N,7,3,1,3,03-Oct,RM,Varied,N,,Free weight,Isotonic,0.4,0.8,0,9055,1197,9178,1074,8
2,Bloomquist et al,2013,Between,Deep,25,79,181,1,M,UT,8,MRI,Lower,Back thigh,20,CSA,12,120,150,0.8,Long,3.5,Y,N,7,3,1,3,03-Oct,RM,Varied,N,,Free weight,Isotonic,0.4,0.8,0,10161,1003,10459,1004,8
2,Bloomquist et al,2013,Between,Deep,25,79,181,1,M,UT,8,MRI,Lower,Back thigh,10,CSA,12,120,150,0.8,Long,3.5,Y,N,7,3,1,3,03-Oct,RM,Varied,N,,Free weight,Isotonic,0.4,0.8,0,10992,1165,10820,879,8
2,Bloomquist et al,2013,Between,Shallow,23,80,178,1,M,UT,9,MRI,Lower,Front thigh,60,CSA,12,60,150,0.4,Short,3.5,Y,N,7,3,1,3,03-Oct,RM,Varied,N,,Free weight,Isotonic,0.2,0.4,0,5641,909,5501,856,8
2,Bloomquist et al,2013,Between,Shallow,23,80,178,1,M,UT,9,MRI,Lower,Front thigh,50,CSA,12,60,150,0.4,Short,3.5,Y,N,7,3,1,3,03-Oct,RM,Varied,N,,Free weight,Isotonic,0.2,0.4,0,7043,1020,6916,936,9
2,Bloomquist et al,2013,Between,Shallow,23,80,178,1,M,UT,9,MRI,Lower,Front thigh,40,CSA,12,60,150,0.4,Short,3.5,Y,N,7,3,1,3,03-Oct,RM,Varied,N,,Free weight,Isotonic,0.2,0.4,0,8320,1158,8262,1083,9
2,Bloomquist et al,2013,Between,Shallow,23,80,178,1,M,UT,9,MRI,Lower,Front thigh,30,CSA,12,60,150,0.4,Short,3.5,Y,N,7,3,1,3,03-Oct,RM,Varied,N,,Free weight,Isotonic,0.2,0.4,0,9323,1386,9343,1327,9
2,Bloomquist et al,2013,Between,Shallow,23,80,178,1,M,UT,9,MRI,Lower,Front thigh,20,CSA,12,60,150,0.4,Short,3.5,Y,N,7,3,1,3,03-Oct,RM,Varied,N,,Free weight,Isotonic,0.2,0.4,0,9415,1571,9619,1534,9
2,Bloomquist et al,2013,Between,Shallow,23,80,178,1,M,UT,9,MRI,Lower,Front thigh,10,CSA,12,60,150,0.4,Short,3.5,Y,N,7,3,1,3,03-Oct,RM,Varied,N,,Free weight,Isotonic,0.2,0.4,0,8540,1648,8924,1664,9
2,Bloomquist et al,2013,Between,Shallow,23,80,178,1,M,UT,9,MRI,Lower,Back thigh,60,CSA,12,60,150,0.4,Short,3.5,Y,N,7,3,1,3,03-Oct,RM,Varied,N,,Free weight,Isotonic,0.2,0.4,0,4835,416,4748,398,9
2,Bloomquist et al,2013,Between,Shallow,23,80,178,1,M,UT,9,MRI,Lower,Back thigh,50,CSA,12,60,150,0.4,Short,3.5,Y,N,7,3,1,3,03-Oct,RM,Varied,N,,Free weight,Isotonic,0.2,0.4,0,6037,518,5952,512,9
2,Bloomquist et al,2013,Between,Shallow,23,80,178,1,M,UT,9,MRI,Lower,Back thigh,40,CSA,12,60,150,0.4,Short,3.5,Y,N,7,3,1,3,03-Oct,RM,Varied,N,,Free weight,Isotonic,0.2,0.4,0,7265,687,7208,681,9
2,Bloomquist et al,2013,Between,Shallow,23,80,178,1,M,UT,9,MRI,Lower,Back thigh,30,CSA,12,60,150,0.4,Short,3.5,Y,N,7,3,1,3,03-Oct,RM,Varied,N,,Free weight,Isotonic,0.2,0.4,0,8501,669,8403,722,9
2,Bloomquist et al,2013,Between,Shallow,23,80,178,1,M,UT,9,MRI,Lower,Back thigh,20,CSA,12,60,150,0.4,Short,3.5,Y,N,7,3,1,3,03-Oct,RM,Varied,N,,Free weight,Isotonic,0.2,0.4,0,9522,714,9679,827,9
2,Bloomquist et al,2013,Between,Shallow,23,80,178,1,M,UT,9,MRI,Lower,Back thigh,10,CSA,12,60,150,0.4,Short,3.5,Y,N,7,3,1,3,03-Oct,RM,Varied,N,,Free weight,Isotonic,0.2,0.4,0,10343,897,10419,836,9
3,Maeo et al,2023,Within,SEATED,23.5,64.7,169,0.65,B,UT,20,MRI,Lower,BFL,30,CSA,12,90,150,0.6,Long,5,Y,N,10,2,1,4,70,1 RM,,N,120,Machine,Isotonic,0.811538462,0.961538462,0.661538462,3.97,1.49,4.77,1.64,20
3,Maeo et al,2023,Within,SEATED,23.5,64.7,169,0.65,B,UT,20,MRI,Lower,BFL,70,CSA,12,90,150,0.6,Long,5,Y,N,10,2,1,4,70,1 RM,,N,120,Machine,Isotonic,0.811538462,0.961538462,0.661538462,6.58,3.03,7.28,3.31,20
3,Maeo et al,2023,Within,SEATED,23.5,64.7,169,0.65,B,UT,20,MRI,Lower,ST,30,CSA,12,90,150,0.6,Long,5,Y,N,10,2,1,4,70,1 RM,,N,120,Machine,Isotonic,0.811538462,0.961538462,0.661538462,7.37,2.57,9.45,3.11,20
3,Maeo et al,2023,Within,SEATED,23.5,64.7,169,0.65,B,UT,20,MRI,Lower,ST,70,CSA,12,90,150,0.6,Long,5,Y,N,10,2,1,4,70,1 RM,,N,120,Machine,Isotonic,0.811538462,0.961538462,0.661538462,4.12,2.05,5,2.45,20
3,Maeo et al,2023,Within,PRONE,23.5,64.7,169,0.65,B,UT,20,MRI,Lower,BFL,30,CSA,12,90,150,0.6,Short,5,Y,N,10,2,1,4,70,1 RM,,N,120,Machine,Isotonic,0.580769231,0.730769231,0.430769231,3.84,1.21,4.18,1.21,20
3,Maeo et al,2023,Within,PRONE,23.5,64.7,169,0.65,B,UT,20,MRI,Lower,BFL,70,CSA,12,90,150,0.6,Short,5,Y,N,10,2,1,4,70,1 RM,,N,120,Machine,Isotonic,0.580769231,0.730769231,0.430769231,6.37,2.67,6.72,2.69,20
3,Maeo et al,2023,Within,PRONE,23.5,64.7,169,0.65,B,UT,20,MRI,Lower,ST,30,CSA,12,90,150,0.6,Short,5,Y,N,10,2,1,4,70,1 RM,,N,120,Machine,Isotonic,0.580769231,0.730769231,0.430769231,7.48,2.42,9.05,2.98,20
3,Maeo et al,2023,Within,PRONE,23.5,64.7,169,0.65,B,UT,20,MRI,Lower,ST,70,CSA,12,90,150,0.6,Short,5,Y,N,10,2,1,4,70,1 RM,,N,120,Machine,Isotonic,0.580769231,0.730769231,0.430769231,4.04,2.13,4.74,2.4,20
4,McMahon et al,2014,Between,90,19,73.8,171,0.5,B,UT,8,US,Lower,VL,25,CSA,8,90,150,0.6,Long,12,Y,N,14.4,3,4,4,80,1 RM,Submaximal,Y,75,Mix,Isotonic+Isometric,0.3,0.6,0,2684,1207.74,3592,857.01,8
4,McMahon et al,2014,Between,90,19,73.8,171,0.5,B,UT,8,US,Lower,VL,50,CSA,8,90,150,0.6,Long,12,Y,N,14.4,3,4,4,80,1 RM,Submaximal,Y,75,Mix,Isotonic+Isometric,0.3,0.6,0,3004,1088.94,3545,958.84,8
4,McMahon et al,2014,Between,90,19,73.8,171,0.5,B,UT,8,US,Lower,VL,75,CSA,8,90,150,0.6,Long,12,Y,N,14.4,3,4,4,80,1 RM,Submaximal,Y,75,Mix,Isotonic+Isometric,0.3,0.6,0,1074,633.57,1505,613.77,8
4,McMahon et al,2014,Between,50,19,74.9,174,0.5,B,UT,8,US,Lower,VL,25,CSA,8,50,150,0.33333333,Short,12,Y,N,14.4,3,4,4,80,1 RM,Submaximal,Y,75,Mix,Isotonic+Isometric,0.166666667,0.333333333,0,2877,956.01,3425,857.01,8
4,McMahon et al,2014,Between,50,19,74.9,174,0.5,B,UT,8,US,Lower,VL,50,CSA,8,50,150,0.33333333,Short,12,Y,N,14.4,3,4,4,80,1 RM,Submaximal,Y,75,Mix,Isotonic+Isometric,0.166666667,0.333333333,0,3033,817.42,3699,967.32,8
4,McMahon et al,2014,Between,50,19,74.9,174,0.5,B,UT,8,US,Lower,VL,75,CSA,8,50,150,0.33333333,Short,12,Y,N,14.4,3,4,4,80,1 RM,Submaximal,Y,75,Mix,Isotonic+Isometric,0.166666667,0.333333333,0,1081,494.97,1162,359.21,8
5,McMahon et al,2013,Between,90,21,74.9,175,0.454545,B,UT,11,US,Lower,VL,25,CSA,8,50,150,0.33333333,Long,12,Y,N,9,3,5,4,55,1 RM,Submaximal,Y,,Mix,Isotonic+Isometric,0.433333333,0.6,0.266666667,2790,501,3642,877,11
5,McMahon et al,2013,Between,90,21,74.9,175,0.454545,B,UT,11,US,Lower,VL,50,CSA,8,50,150,0.33333333,Long,12,Y,N,9,3,5,4,55,1 RM,Submaximal,Y,,Mix,Isotonic+Isometric,0.433333333,0.6,0.266666667,2966,701,4029,977,11
5,McMahon et al,2013,Between,90,21,74.9,175,0.454545,B,UT,11,US,Lower,VL,75,CSA,8,50,150,0.33333333,Long,12,Y,N,9,3,5,4,55,1 RM,Submaximal,Y,,Mix,Isotonic+Isometric,0.433333333,0.6,0.266666667,1110,405,1673,202,11
5,McMahon et al,2013,Between,50,19,75.7,176,0.6,B,UT,10,US,Lower,VL,25,CSA,8,50,150,0.33333333,Short,12,Y,N,9,3,5,4,80,1 RM,Submaximal,Y,,Mix,Isotonic+Isometric,0.166666667,0.333333333,0,2989,885,3510,821,10
5,McMahon et al,2013,Between,50,19,75.7,176,0.6,B,UT,10,US,Lower,VL,50,CSA,8,50,150,0.33333333,Short,12,Y,N,9,3,5,4,80,1 RM,Submaximal,Y,,Mix,Isotonic+Isometric,0.166666667,0.333333333,0,3288,900,3999,1168,10
5,McMahon et al,2013,Between,50,19,75.7,176,0.6,B,UT,10,US,Lower,VL,75,CSA,8,50,150,0.33333333,Short,12,Y,N,9,3,5,4,80,1 RM,Submaximal,Y,,Mix,Isotonic+Isometric,0.166666667,0.333333333,0,1190,495,1350,509,10
6,Noorkoiv et al,2014,Between,LL,22.8,78.2,180,1,M,UT,8,MRI,Lower,RF,10,CSA,6,87.5,150,0.58333333,Long,5,Y,Y,5,3,1,5,100,MVC,Maximal,N,60,Isokinetic,Isometric,0.483974359,0.483974359,0.483974359,2.2,0.8,2.6,1,8
6,Noorkoiv et al,2014,Between,LL,22.8,78.2,180,1,M,UT,8,MRI,Lower,RF,20,CSA,6,87.5,150,0.58333333,Long,5,Y,Y,5,3,1,5,100,MVC,Maximal,N,60,Isokinetic,Isometric,0.483974359,0.483974359,0.483974359,5.1,1.3,5.6,1.4,8
6,Noorkoiv et al,2014,Between,LL,22.8,78.2,180,1,M,UT,8,MRI,Lower,RF,30,CSA,6,87.5,150,0.58333333,Long,5,Y,Y,5,3,1,5,100,MVC,Maximal,N,60,Isokinetic,Isometric,0.483974359,0.483974359,0.483974359,7.8,1.7,8.3,1.6,8
6,Noorkoiv et al,2014,Between,LL,22.8,78.2,180,1,M,UT,8,MRI,Lower,RF,40,CSA,6,87.5,150,0.58333333,Long,5,Y,Y,5,3,1,5,100,MVC,Maximal,N,60,Isokinetic,Isometric,0.483974359,0.483974359,0.483974359,9.9,2.1,10.8,2,8
6,Noorkoiv et al,2014,Between,LL,22.8,78.2,180,1,M,UT,8,MRI,Lower,RF,50,CSA,6,87.5,150,0.58333333,Long,5,Y,Y,5,3,1,5,100,MVC,Maximal,N,60,Isokinetic,Isometric,0.483974359,0.483974359,0.483974359,12.2,2.7,13.2,2.8,8
6,Noorkoiv et al,2014,Between,LL,22.8,78.2,180,1,M,UT,8,MRI,Lower,RF,60,CSA,6,87.5,150,0.58333333,Long,5,Y,Y,5,3,1,5,100,MVC,Maximal,N,60,Isokinetic,Isometric,0.483974359,0.483974359,0.483974359,13.2,3.1,14.4,3.3,8
6,Noorkoiv et al,2014,Between,LL,22.8,78.2,180,1,M,UT,8,MRI,Lower,RF,70,CSA,6,87.5,150,0.58333333,Long,5,Y,Y,5,3,1,5,100,MVC,Maximal,N,60,Isokinetic,Isometric,0.483974359,0.483974359,0.483974359,12.6,2.7,13.7,2.8,8
6,Noorkoiv et al,2014,Between,LL,22.8,78.2,180,1,M,UT,8,MRI,Lower,RF,80,CSA,6,87.5,150,0.58333333,Long,5,Y,Y,5,3,1,5,100,MVC,Maximal,N,60,Isokinetic,Isometric,0.483974359,0.483974359,0.483974359,11.3,2.3,12.25,2.5,8
6,Noorkoiv et al,2014,Between,LL,22.8,78.2,180,1,M,UT,8,MRI,Lower,RF,90,CSA,6,87.5,150,0.58333333,Long,5,Y,Y,5,3,1,5,100,MVC,Maximal,N,60,Isokinetic,Isometric,0.483974359,0.483974359,0.483974359,7.3,2.3,7.7,2.4,8
6,Noorkoiv et al,2014,Between,LL,22.8,78.2,180,1,M,UT,8,MRI,Lower,VL,10,CSA,6,87.5,150,0.58333333,Long,5,Y,Y,5,3,1,5,100,MVC,Maximal,N,60,Isokinetic,Isometric,0.583333333,0.583333333,0.583333333,4.9,4.1,4.3,2,8
6,Noorkoiv et al,2014,Between,LL,22.8,78.2,180,1,M,UT,8,MRI,Lower,VL,20,CSA,6,87.5,150,0.58333333,Long,5,Y,Y,5,3,1,5,100,MVC,Maximal,N,60,Isokinetic,Isometric,0.583333333,0.583333333,0.583333333,11.7,5.6,11.6,3.3,8
6,Noorkoiv et al,2014,Between,LL,22.8,78.2,180,1,M,UT,8,MRI,Lower,VL,30,CSA,6,87.5,150,0.58333333,Long,5,Y,Y,5,3,1,5,100,MVC,Maximal,N,60,Isokinetic,Isometric,0.583333333,0.583333333,0.583333333,18.2,4.6,19.2,4.4,8
6,Noorkoiv et al,2014,Between,LL,22.8,78.2,180,1,M,UT,8,MRI,Lower,VL,40,CSA,6,87.5,150,0.58333333,Long,5,Y,Y,5,3,1,5,100,MVC,Maximal,N,60,Isokinetic,Isometric,0.583333333,0.583333333,0.583333333,23.3,5.2,24.5,5.3,8
6,Noorkoiv et al,2014,Between,LL,22.8,78.2,180,1,M,UT,8,MRI,Lower,VL,50,CSA,6,87.5,150,0.58333333,Long,5,Y,Y,5,3,1,5,100,MVC,Maximal,N,60,Isokinetic,Isometric,0.583333333,0.583333333,0.583333333,26.9,5.9,28.8,5.6,8
6,Noorkoiv et al,2014,Between,LL,22.8,78.2,180,1,M,UT,8,MRI,Lower,VL,60,CSA,6,87.5,150,0.58333333,Long,5,Y,Y,5,3,1,5,100,MVC,Maximal,N,60,Isokinetic,Isometric,0.583333333,0.583333333,0.583333333,27.2,5.2,29.6,6,8
6,Noorkoiv et al,2014,Between,LL,22.8,78.2,180,1,M,UT,8,MRI,Lower,VL,70,CSA,6,87.5,150,0.58333333,Long,5,Y,Y,5,3,1,5,100,MVC,Maximal,N,60,Isokinetic,Isometric,0.583333333,0.583333333,0.583333333,26.5,4.4,27.5,4.7,8
6,Noorkoiv et al,2014,Between,LL,22.8,78.2,180,1,M,UT,8,MRI,Lower,VL,80,CSA,6,87.5,150,0.58333333,Long,5,Y,Y,5,3,1,5,100,MVC,Maximal,N,60,Isokinetic,Isometric,0.583333333,0.583333333,0.583333333,20.4,5.3,22.5,5.9,8
6,Noorkoiv et al,2014,Between,LL,22.8,78.2,180,1,M,UT,8,MRI,Lower,VL,90,CSA,6,87.5,150,0.58333333,Long,5,Y,Y,5,3,1,5,100,MVC,Maximal,N,60,Isokinetic,Isometric,0.583333333,0.583333333,0.583333333,10.3,5.1,13.2,4.8,8
6,Noorkoiv et al,2014,Between,LL,22.8,78.2,180,1,M,UT,8,MRI,Lower,VM,10,CSA,6,87.5,150,0.58333333,Long,5,Y,Y,5,3,1,5,100,MVC,Maximal,N,60,Isokinetic,Isometric,0.583333333,0.583333333,0.583333333,13.2,6.6,13.8,6.6,8
6,Noorkoiv et al,2014,Between,LL,22.8,78.2,180,1,M,UT,8,MRI,Lower,VM,20,CSA,6,87.5,150,0.58333333,Long,5,Y,Y,5,3,1,5,100,MVC,Maximal,N,60,Isokinetic,Isometric,0.583333333,0.583333333,0.583333333,21.3,8.9,22.2,9.6,8
6,Noorkoiv et al,2014,Between,LL,22.8,78.2,180,1,M,UT,8,MRI,Lower,VM,30,CSA,6,87.5,150,0.58333333,Long,5,Y,Y,5,3,1,5,100,MVC,Maximal,N,60,Isokinetic,Isometric,0.583333333,0.583333333,0.583333333,23.4,8.8,24.9,9.1,8
6,Noorkoiv et al,2014,Between,LL,22.8,78.2,180,1,M,UT,8,MRI,Lower,VM,40,CSA,6,87.5,150,0.58333333,Long,5,Y,Y,5,3,1,5,100,MVC,Maximal,N,60,Isokinetic,Isometric,0.583333333,0.583333333,0.583333333,21.9,6.7,22.9,6.3,8
6,Noorkoiv et al,2014,Between,LL,22.8,78.2,180,1,M,UT,8,MRI,Lower,VM,50,CSA,6,87.5,150,0.58333333,Long,5,Y,Y,5,3,1,5,100,MVC,Maximal,N,60,Isokinetic,Isometric,0.583333333,0.583333333,0.583333333,19,4.7,19.5,4.5,8
6,Noorkoiv et al,2014,Between,LL,22.8,78.2,180,1,M,UT,8,MRI,Lower,VM,60,CSA,6,87.5,150,0.58333333,Long,5,Y,Y,5,3,1,5,100,MVC,Maximal,N,60,Isokinetic,Isometric,0.583333333,0.583333333,0.583333333,16.2,3.4,16,3.7,8
6,Noorkoiv et al,2014,Between,LL,22.8,78.2,180,1,M,UT,8,MRI,Lower,VM,70,CSA,6,87.5,150,0.58333333,Long,5,Y,Y,5,3,1,5,100,MVC,Maximal,N,60,Isokinetic,Isometric,0.583333333,0.583333333,0.583333333,11,2,11.8,1.6,8
6,Noorkoiv et al,2014,Between,LL,22.8,78.2,180,1,M,UT,8,MRI,Lower,VM,80,CSA,6,87.5,150,0.58333333,Long,5,Y,Y,5,3,1,5,100,MVC,Maximal,N,60,Isokinetic,Isometric,0.583333333,0.583333333,0.583333333,8.1,0.8,8.6,1,8
6,Noorkoiv et al,2014,Between,LL,22.8,78.2,180,1,M,UT,8,MRI,Lower,VM,90,CSA,6,87.5,150,0.58333333,Long,5,Y,Y,5,3,1,5,100,MVC,Maximal,N,60,Isokinetic,Isometric,0.583333333,0.583333333,0.583333333,4.7,0.9,4.9,1,8
6,Noorkoiv et al,2014,Between,LL,22.8,78.2,180,1,M,UT,8,MRI,Lower,VI,10,CSA,6,87.5,150,0.58333333,Long,5,Y,Y,5,3,1,5,100,MVC,Maximal,N,60,Isokinetic,Isometric,0.583333333,0.583333333,0.583333333,4.6,1.5,4.4,1.5,8
6,Noorkoiv et al,2014,Between,LL,22.8,78.2,180,1,M,UT,8,MRI,Lower,VI,20,CSA,6,87.5,150,0.58333333,Long,5,Y,Y,5,3,1,5,100,MVC,Maximal,N,60,Isokinetic,Isometric,0.583333333,0.583333333,0.583333333,12.7,3.9,12.4,3.9,8
6,Noorkoiv et al,2014,Between,LL,22.8,78.2,180,1,M,UT,8,MRI,Lower,VI,30,CSA,6,87.5,150,0.58333333,Long,5,Y,Y,5,3,1,5,100,MVC,Maximal,N,60,Isokinetic,Isometric,0.583333333,0.583333333,0.583333333,17.4,5,16.8,4.8,8
6,Noorkoiv et al,2014,Between,LL,22.8,78.2,180,1,M,UT,8,MRI,Lower,VI,40,CSA,6,87.5,150,0.58333333,Long,5,Y,Y,5,3,1,5,100,MVC,Maximal,N,60,Isokinetic,Isometric,0.583333333,0.583333333,0.583333333,21.2,5.8,21.4,5.5,8
6,Noorkoiv et al,2014,Between,LL,22.8,78.2,180,1,M,UT,8,MRI,Lower,VI,50,CSA,6,87.5,150,0.58333333,Long,5,Y,Y,5,3,1,5,100,MVC,Maximal,N,60,Isokinetic,Isometric,0.583333333,0.583333333,0.583333333,23.9,6.4,24.6,7.4,8
6,Noorkoiv et al,2014,Between,LL,22.8,78.2,180,1,M,UT,8,MRI,Lower,VI,60,CSA,6,87.5,150,0.58333333,Long,5,Y,Y,5,3,1,5,100,MVC,Maximal,N,60,Isokinetic,Isometric,0.583333333,0.583333333,0.583333333,24.8,7.5,24.8,7.1,8
6,Noorkoiv et al,2014,Between,LL,22.8,78.2,180,1,M,UT,8,MRI,Lower,VI,70,CSA,6,87.5,150,0.58333333,Long,5,Y,Y,5,3,1,5,100,MVC,Maximal,N,60,Isokinetic,Isometric,0.583333333,0.583333333,0.583333333,19.8,7.9,21.7,6.6,8
6,Noorkoiv et al,2014,Between,LL,22.8,78.2,180,1,M,UT,8,MRI,Lower,VI,80,CSA,6,87.5,150,0.58333333,Long,5,Y,Y,5,3,1,5,100,MVC,Maximal,N,60,Isokinetic,Isometric,0.583333333,0.583333333,0.583333333,13.2,6.6,13.4,6.4,8
6,Noorkoiv et al,2014,Between,LL,22.8,78.2,180,1,M,UT,8,MRI,Lower,VI,90,CSA,6,87.5,150,0.58333333,Long,5,Y,Y,5,3,1,5,100,MVC,Maximal,N,60,Isokinetic,Isometric,0.583333333,0.583333333,0.583333333,6.7,4.4,8.7,4.3,8
6,Noorkoiv et al,2014,Between,SL,24.6,77.5,180,1,M,UT,8,MRI,Lower,RF,10,CSA,6,38.1,150,0.254,Short,5,Y,Y,5,3,1,5,100,MVC,Maximal,N,60,Isokinetic,Isometric,0.319307692,0.319307692,0.319307692,2.2,0.9,2.4,1,8
6,Noorkoiv et al,2014,Between,SL,24.6,77.5,180,1,M,UT,8,MRI,Lower,RF,20,CSA,6,38.1,150,0.254,Short,5,Y,Y,5,3,1,5,100,MVC,Maximal,N,60,Isokinetic,Isometric,0.319307692,0.319307692,0.319307692,5.3,1.5,5.6,1.6,8
6,Noorkoiv et al,2014,Between,SL,24.6,77.5,180,1,M,UT,8,MRI,Lower,RF,30,CSA,6,38.1,150,0.254,Short,5,Y,Y,5,3,1,5,100,MVC,Maximal,N,60,Isokinetic,Isometric,0.319307692,0.319307692,0.319307692,8.3,2,8.7,2.3,8
6,Noorkoiv et al,2014,Between,SL,24.6,77.5,180,1,M,UT,8,MRI,Lower,RF,40,CSA,6,38.1,150,0.254,Short,5,Y,Y,5,3,1,5,100,MVC,Maximal,N,60,Isokinetic,Isometric,0.319307692,0.319307692,0.319307692,11.2,2.7,11.4,2.8,8
6,Noorkoiv et al,2014,Between,SL,24.6,77.5,180,1,M,UT,8,MRI,Lower,RF,50,CSA,6,38.1,150,0.254,Short,5,Y,Y,5,3,1,5,100,MVC,Maximal,N,60,Isokinetic,Isometric,0.319307692,0.319307692,0.319307692,13.5,3,13.7,2.9,8
6,Noorkoiv et al,2014,Between,SL,24.6,77.5,180,1,M,UT,8,MRI,Lower,RF,60,CSA,6,38.1,150,0.254,Short,5,Y,Y,5,3,1,5,100,MVC,Maximal,N,60,Isokinetic,Isometric,0.319307692,0.319307692,0.319307692,14.4,3.1,14.3,2.9,8
6,Noorkoiv et al,2014,Between,SL,24.6,77.5,180,1,M,UT,8,MRI,Lower,RF,70,CSA,6,38.1,150,0.254,Short,5,Y,Y,5,3,1,5,100,MVC,Maximal,N,60,Isokinetic,Isometric,0.319307692,0.319307692,0.319307692,13.8,3.5,13.7,3.1,8
6,Noorkoiv et al,2014,Between,SL,24.6,77.5,180,1,M,UT,8,MRI,Lower,RF,80,CSA,6,38.1,150,0.254,Short,5,Y,Y,5,3,1,5,100,MVC,Maximal,N,60,Isokinetic,Isometric,0.319307692,0.319307692,0.319307692,12.4,3.2,11.9,2.8,8
6,Noorkoiv et al,2014,Between,SL,24.6,77.5,180,1,M,UT,8,MRI,Lower,RF,90,CSA,6,38.1,150,0.254,Short,5,Y,Y,5,3,1,5,100,MVC,Maximal,N,60,Isokinetic,Isometric,0.319307692,0.319307692,0.319307692,7.3,2.3,6.3,1.8,8
6,Noorkoiv et al,2014,Between,SL,24.6,77.5,180,1,M,UT,8,MRI,Lower,VL,10,CSA,6,38.1,150,0.254,Short,5,Y,Y,5,3,1,5,100,MVC,Maximal,N,60,Isokinetic,Isometric,0.254,0.254,0.254,3.3,2,3.1,1.3,8
6,Noorkoiv et al,2014,Between,SL,24.6,77.5,180,1,M,UT,8,MRI,Lower,VL,20,CSA,6,38.1,150,0.254,Short,5,Y,Y,5,3,1,5,100,MVC,Maximal,N,60,Isokinetic,Isometric,0.254,0.254,0.254,10.8,2.9,10.7,2.8,8
6,Noorkoiv et al,2014,Between,SL,24.6,77.5,180,1,M,UT,8,MRI,Lower,VL,30,CSA,6,38.1,150,0.254,Short,5,Y,Y,5,3,1,5,100,MVC,Maximal,N,60,Isokinetic,Isometric,0.254,0.254,0.254,18.9,3.1,18.3,2.8,8
6,Noorkoiv et al,2014,Between,SL,24.6,77.5,180,1,M,UT,8,MRI,Lower,VL,40,CSA,6,38.1,150,0.254,Short,5,Y,Y,5,3,1,5,100,MVC,Maximal,N,60,Isokinetic,Isometric,0.254,0.254,0.254,24.7,3.5,24.6,3.8,8
6,Noorkoiv et al,2014,Between,SL,24.6,77.5,180,1,M,UT,8,MRI,Lower,VL,50,CSA,6,38.1,150,0.254,Short,5,Y,Y,5,3,1,5,100,MVC,Maximal,N,60,Isokinetic,Isometric,0.254,0.254,0.254,29.4,5.5,29.1,5.6,8
6,Noorkoiv et al,2014,Between,SL,24.6,77.5,180,1,M,UT,8,MRI,Lower,VL,60,CSA,6,38.1,150,0.254,Short,5,Y,Y,5,3,1,5,100,MVC,Maximal,N,60,Isokinetic,Isometric,0.254,0.254,0.254,29,4.7,28.8,5.4,8
6,Noorkoiv et al,2014,Between,SL,24.6,77.5,180,1,M,UT,8,MRI,Lower,VL,70,CSA,6,38.1,150,0.254,Short,5,Y,Y,5,3,1,5,100,MVC,Maximal,N,60,Isokinetic,Isometric,0.254,0.254,0.254,26.4,6.1,26.2,6.3,8
6,Noorkoiv et al,2014,Between,SL,24.6,77.5,180,1,M,UT,8,MRI,Lower,VL,80,CSA,6,38.1,150,0.254,Short,5,Y,Y,5,3,1,5,100,MVC,Maximal,N,60,Isokinetic,Isometric,0.254,0.254,0.254,23.9,7.7,24.3,7.6,8
6,Noorkoiv et al,2014,Between,SL,24.6,77.5,180,1,M,UT,8,MRI,Lower,VL,90,CSA,6,38.1,150,0.254,Short,5,Y,Y,5,3,1,5,100,MVC,Maximal,N,60,Isokinetic,Isometric,0.254,0.254,0.254,14.8,4.3,14.7,3.8,8
6,Noorkoiv et al,2014,Between,SL,24.6,77.5,180,1,M,UT,8,MRI,Lower,VM,10,CSA,6,38.1,150,0.254,Short,5,Y,Y,5,3,1,5,100,MVC,Maximal,N,60,Isokinetic,Isometric,0.254,0.254,0.254,14.1,2.9,14.5,3.5,8
6,Noorkoiv et al,2014,Between,SL,24.6,77.5,180,1,M,UT,8,MRI,Lower,VM,20,CSA,6,38.1,150,0.254,Short,5,Y,Y,5,3,1,5,100,MVC,Maximal,N,60,Isokinetic,Isometric,0.254,0.254,0.254,23.1,3.4,23.2,4,8
6,Noorkoiv et al,2014,Between,SL,24.6,77.5,180,1,M,UT,8,MRI,Lower,VM,30,CSA,6,38.1,150,0.254,Short,5,Y,Y,5,3,1,5,100,MVC,Maximal,N,60,Isokinetic,Isometric,0.254,0.254,0.254,25.3,3.7,24.9,4.1,8
6,Noorkoiv et al,2014,Between,SL,24.6,77.5,180,1,M,UT,8,MRI,Lower,VM,40,CSA,6,38.1,150,0.254,Short,5,Y,Y,5,3,1,5,100,MVC,Maximal,N,60,Isokinetic,Isometric,0.254,0.254,0.254,23,3.1,22.9,3,8
6,Noorkoiv et al,2014,Between,SL,24.6,77.5,180,1,M,UT,8,MRI,Lower,VM,50,CSA,6,38.1,150,0.254,Short,5,Y,Y,5,3,1,5,100,MVC,Maximal,N,60,Isokinetic,Isometric,0.254,0.254,0.254,19.3,3.8,19,3.8,8
6,Noorkoiv et al,2014,Between,SL,24.6,77.5,180,1,M,UT,8,MRI,Lower,VM,60,CSA,6,38.1,150,0.254,Short,5,Y,Y,5,3,1,5,100,MVC,Maximal,N,60,Isokinetic,Isometric,0.254,0.254,0.254,14.9,2.9,15,2.6,8
6,Noorkoiv et al,2014,Between,SL,24.6,77.5,180,1,M,UT,8,MRI,Lower,VM,70,CSA,6,38.1,150,0.254,Short,5,Y,Y,5,3,1,5,100,MVC,Maximal,N,60,Isokinetic,Isometric,0.254,0.254,0.254,11.3,2.6,11.3,2.4,8
6,Noorkoiv et al,2014,Between,SL,24.6,77.5,180,1,M,UT,8,MRI,Lower,VM,80,CSA,6,38.1,150,0.254,Short,5,Y,Y,5,3,1,5,100,MVC,Maximal,N,60,Isokinetic,Isometric,0.254,0.254,0.254,7.8,2.1,7.8,1.6,8
6,Noorkoiv et al,2014,Between,SL,24.6,77.5,180,1,M,UT,8,MRI,Lower,VM,90,CSA,6,38.1,150,0.254,Short,5,Y,Y,5,3,1,5,100,MVC,Maximal,N,60,Isokinetic,Isometric,0.254,0.254,0.254,4.6,1.4,3.9,1.4,8
6,Noorkoiv et al,2014,Between,SL,24.6,77.5,180,1,M,UT,8,MRI,Lower,VI,10,CSA,6,38.1,150,0.254,Short,5,Y,Y,5,3,1,5,100,MVC,Maximal,N,60,Isokinetic,Isometric,0.254,0.254,0.254,6,1.5,5.59,0.79,8
6,Noorkoiv et al,2014,Between,SL,24.6,77.5,180,1,M,UT,8,MRI,Lower,VI,20,CSA,6,38.1,150,0.254,Short,5,Y,Y,5,3,1,5,100,MVC,Maximal,N,60,Isokinetic,Isometric,0.254,0.254,0.254,13.3,2.1,13.02,2.04,8
6,Noorkoiv et al,2014,Between,SL,24.6,77.5,180,1,M,UT,8,MRI,Lower,VI,30,CSA,6,38.1,150,0.254,Short,5,Y,Y,5,3,1,5,100,MVC,Maximal,N,60,Isokinetic,Isometric,0.254,0.254,0.254,17.5,3.4,17.84,3.67,8
6,Noorkoiv et al,2014,Between,SL,24.6,77.5,180,1,M,UT,8,MRI,Lower,VI,40,CSA,6,38.1,150,0.254,Short,5,Y,Y,5,3,1,5,100,MVC,Maximal,N,60,Isokinetic,Isometric,0.254,0.254,0.254,22.2,5.6,21.94,5.02,8
6,Noorkoiv et al,2014,Between,SL,24.6,77.5,180,1,M,UT,8,MRI,Lower,VI,50,CSA,6,38.1,150,0.254,Short,5,Y,Y,5,3,1,5,100,MVC,Maximal,N,60,Isokinetic,Isometric,0.254,0.254,0.254,25.7,5.7,24.56,6,8
6,Noorkoiv et al,2014,Between,SL,24.6,77.5,180,1,M,UT,8,MRI,Lower,VI,60,CSA,6,38.1,150,0.254,Short,5,Y,Y,5,3,1,5,100,MVC,Maximal,N,60,Isokinetic,Isometric,0.254,0.254,0.254,26.4,5.2,26.81,5.3,8
6,Noorkoiv et al,2014,Between,SL,24.6,77.5,180,1,M,UT,8,MRI,Lower,VI,70,CSA,6,38.1,150,0.254,Short,5,Y,Y,5,3,1,5,100,MVC,Maximal,N,60,Isokinetic,Isometric,0.254,0.254,0.254,22.8,5.8,22.96,5.39,8
6,Noorkoiv et al,2014,Between,SL,24.6,77.5,180,1,M,UT,8,MRI,Lower,VI,80,CSA,6,38.1,150,0.254,Short,5,Y,Y,5,3,1,5,100,MVC,Maximal,N,60,Isokinetic,Isometric,0.254,0.254,0.254,14.1,3.8,15.8,5.19,8
6,Noorkoiv et al,2014,Between,SL,24.6,77.5,180,1,M,UT,8,MRI,Lower,VI,90,CSA,6,38.1,150,0.254,Short,5,Y,Y,5,3,1,5,100,MVC,Maximal,N,60,Isokinetic,Isometric,0.254,0.254,0.254,7.8,4,7.07,3.08,8
7,Pedrosa et al.,2021,Between,INITIAL,24.22,64.48,161,0,F,UT,9,US,Lower,RF,40,CSA,12,35,150,0.23333333,Long,4.75,Y,N,7,3,1,4,60,1 RM,Submaximal,N,180,Machine,Isotonic,0.390384616,0.448717949,0.332051282,7.8,2.35,9.43,2.77,9
7,Pedrosa et al.,2021,Between,INITIAL,24.22,64.48,161,0,F,UT,9,US,Lower,RF,50,CSA,12,35,150,0.23333333,Long,4.75,Y,N,7,3,1,4,60,1 RM,Submaximal,N,180,Machine,Isotonic,0.390384616,0.448717949,0.332051282,5.79,1.88,7.23,1.85,9
7,Pedrosa et al.,2021,Between,INITIAL,24.22,64.48,161,0,F,UT,9,US,Lower,RF,60,CSA,12,35,150,0.23333333,Long,4.75,Y,N,7,3,1,4,60,1 RM,Submaximal,N,180,Machine,Isotonic,0.390384616,0.448717949,0.332051282,3.66,1.19,4.45,1.25,9
7,Pedrosa et al.,2021,Between,INITIAL,24.22,64.48,161,0,F,UT,9,US,Lower,RF,70,CSA,12,35,150,0.23333333,Long,4.75,Y,N,7,3,1,4,60,1 RM,Submaximal,N,180,Machine,Isotonic,0.390384616,0.448717949,0.332051282,1.26,0.53,1.64,0.7,9
7,Pedrosa et al.,2021,Between,INITIAL,24.22,64.48,161,0,F,UT,9,US,Lower,VL,40,CSA,12,35,150,0.23333333,Long,4.75,Y,N,7,3,1,4,60,1 RM,Submaximal,N,180,Machine,Isotonic,0.55,0.666666667,0.433333333,16.2,3.32,18.17,3.41,9
7,Pedrosa et al.,2021,Between,INITIAL,24.22,64.48,161,0,F,UT,9,US,Lower,VL,50,CSA,12,35,150,0.23333333,Long,4.75,Y,N,7,3,1,4,60,1 RM,Submaximal,N,180,Machine,Isotonic,0.55,0.666666667,0.433333333,16.4,3.02,19.02,3.7,9
7,Pedrosa et al.,2021,Between,INITIAL,24.22,64.48,161,0,F,UT,9,US,Lower,VL,60,CSA,12,35,150,0.23333333,Long,4.75,Y,N,7,3,1,4,60,1 RM,Submaximal,N,180,Machine,Isotonic,0.55,0.666666667,0.433333333,13.97,3.25,16.03,3.67,9
7,Pedrosa et al.,2021,Between,INITIAL,24.22,64.48,161,0,F,UT,9,US,Lower,VL,70,CSA,12,35,150,0.23333333,Long,4.75,Y,N,7,3,1,4,60,1 RM,Submaximal,N,180,Machine,Isotonic,0.55,0.666666667,0.433333333,9.16,3.18,10.59,3.19,9
7,Pedrosa et al.,2021,Between,FINAL,23,60.28,161,0,F,UT,9,US,Lower,RF,40,CSA,12,35,150,0.23333333,Short,4.75,Y,N,7,3,1,4,60,1 RM,Submaximal,N,180,Machine,Isotonic,0.273717949,0.332051282,0.215384615,7.9,2.77,8.67,3.24,9
7,Pedrosa et al.,2021,Between,FINAL,23,60.28,161,0,F,UT,9,US,Lower,RF,50,CSA,12,35,150,0.23333333,Short,4.75,Y,N,7,3,1,4,60,1 RM,Submaximal,N,180,Machine,Isotonic,0.273717949,0.332051282,0.215384615,5.85,2.32,6.46,3,9
7,Pedrosa et al.,2021,Between,FINAL,23,60.28,161,0,F,UT,9,US,Lower,RF,60,CSA,12,35,150,0.23333333,Short,4.75,Y,N,7,3,1,4,60,1 RM,Submaximal,N,180,Machine,Isotonic,0.273717949,0.332051282,0.215384615,3.62,1.55,3.95,1.96,9
7,Pedrosa et al.,2021,Between,FINAL,23,60.28,161,0,F,UT,9,US,Lower,RF,70,CSA,12,35,150,0.23333333,Short,4.75,Y,N,7,3,1,4,60,1 RM,Submaximal,N,180,Machine,Isotonic,0.273717949,0.332051282,0.215384615,1.65,0.93,1.67,1.16,9
7,Pedrosa et al.,2021,Between,FINAL,23,60.28,161,0,F,UT,9,US,Lower,VL,40,CSA,12,35,150,0.23333333,Short,4.75,Y,N,7,3,1,4,60,1 RM,Submaximal,N,180,Machine,Isotonic,0.316666667,0.433333333,0.2,15.08,3.18,17.28,2.24,9
7,Pedrosa et al.,2021,Between,FINAL,23,60.28,161,0,F,UT,9,US,Lower,VL,50,CSA,12,35,150,0.23333333,Short,4.75,Y,N,7,3,1,4,60,1 RM,Submaximal,N,180,Machine,Isotonic,0.316666667,0.433333333,0.2,15.98,3.33,17.44,2.74,9
7,Pedrosa et al.,2021,Between,FINAL,23,60.28,161,0,F,UT,9,US,Lower,VL,60,CSA,12,35,150,0.23333333,Short,4.75,Y,N,7,3,1,4,60,1 RM,Submaximal,N,180,Machine,Isotonic,0.316666667,0.433333333,0.2,13.87,4.38,14.54,3.99,9
7,Pedrosa et al.,2021,Between,FINAL,23,60.28,161,0,F,UT,9,US,Lower,VL,70,CSA,12,35,150,0.23333333,Short,4.75,Y,N,7,3,1,4,60,1 RM,Submaximal,N,180,Machine,Isotonic,0.316666667,0.433333333,0.2,10.16,3.15,10.27,3.1,9
7,Pedrosa et al.,2021,Between,VAR,21.89,59.16,161,0,F,UT,9,US,Lower,RF,40,CSA,12,70,150,0.46666667,Mid,4.75,Y,N,7,3,1,4,60,1 RM,Submaximal,N,180,Machine,Isotonic,0.332051282,0.448717949,0.215384615,8.17,2.57,9.55,2.7,9
7,Pedrosa et al.,2021,Between,VAR,21.89,59.16,161,0,F,UT,9,US,Lower,RF,50,CSA,12,70,150,0.46666667,Mid,4.75,Y,N,7,3,1,4,60,1 RM,Submaximal,N,180,Machine,Isotonic,0.332051282,0.448717949,0.215384615,6.18,2.06,7.4,2.23,9
7,Pedrosa et al.,2021,Between,VAR,21.89,59.16,161,0,F,UT,9,US,Lower,RF,60,CSA,12,70,150,0.46666667,Mid,4.75,Y,N,7,3,1,4,60,1 RM,Submaximal,N,180,Machine,Isotonic,0.332051282,0.448717949,0.215384615,3.97,1.62,4.91,2,9
7,Pedrosa et al.,2021,Between,VAR,21.89,59.16,161,0,F,UT,9,US,Lower,RF,70,CSA,12,70,150,0.46666667,Mid,4.75,Y,N,7,3,1,4,60,1 RM,Submaximal,N,180,Machine,Isotonic,0.332051282,0.448717949,0.215384615,1.86,0.95,2.26,1.05,9
7,Pedrosa et al.,2021,Between,VAR,21.89,59.16,161,0,F,UT,9,US,Lower,VL,40,CSA,12,70,150,0.46666667,Mid,4.75,Y,N,7,3,1,4,60,1 RM,Submaximal,N,180,Machine,Isotonic,0.433333334,0.666666667,0.2,15.88,2.91,18.8,3.04,9
7,Pedrosa et al.,2021,Between,VAR,21.89,59.16,161,0,F,UT,9,US,Lower,VL,50,CSA,12,70,150,0.46666667,Mid,4.75,Y,N,7,3,1,4,60,1 RM,Submaximal,N,180,Machine,Isotonic,0.433333334,0.666666667,0.2,16.79,3.23,19.39,3.53,9
7,Pedrosa et al.,2021,Between,VAR,21.89,59.16,161,0,F,UT,9,US,Lower,VL,60,CSA,12,70,150,0.46666667,Mid,4.75,Y,N,7,3,1,4,60,1 RM,Submaximal,N,180,Machine,Isotonic,0.433333334,0.666666667,0.2,14.42,2.98,16.26,3.02,9
7,Pedrosa et al.,2021,Between,VAR,21.89,59.16,161,0,F,UT,9,US,Lower,VL,70,CSA,12,70,150,0.46666667,Mid,4.75,Y,N,7,3,1,4,60,1 RM,Submaximal,N,180,Machine,Isotonic,0.433333334,0.666666667,0.2,10.16,2.54,11.38,2.66,9
7,Pedrosa et al.,2021,Between,FULL,23.44,59.69,161,0,F,UT,9,US,Lower,RF,40,CSA,12,70,150,0.46666667,Mid,4.75,Y,N,7,3,1,4,60,1 RM,Submaximal,N,180,Machine,Isotonic,0.332051282,0.448717949,0.215384615,7.46,2.01,8.18,2.17,9
7,Pedrosa et al.,2021,Between,FULL,23.44,59.69,161,0,F,UT,9,US,Lower,RF,50,CSA,12,70,150,0.46666667,Mid,4.75,Y,N,7,3,1,4,60,1 RM,Submaximal,N,180,Machine,Isotonic,0.332051282,0.448717949,0.215384615,5.75,1.61,6.5,1.97,9
7,Pedrosa et al.,2021,Between,FULL,23.44,59.69,161,0,F,UT,9,US,Lower,RF,60,CSA,12,70,150,0.46666667,Mid,4.75,Y,N,7,3,1,4,60,1 RM,Submaximal,N,180,Machine,Isotonic,0.332051282,0.448717949,0.215384615,3.62,1.14,4.29,1.52,9
7,Pedrosa et al.,2021,Between,FULL,23.44,59.69,161,0,F,UT,9,US,Lower,RF,70,CSA,12,70,150,0.46666667,Mid,4.75,Y,N,7,3,1,4,60,1 RM,Submaximal,N,180,Machine,Isotonic,0.332051282,0.448717949,0.215384615,1.81,0.93,2.13,1.21,9
7,Pedrosa et al.,2021,Between,FULL,23.44,59.69,161,0,F,UT,9,US,Lower,VL,40,CSA,12,70,150,0.46666667,Mid,4.75,Y,N,7,3,1,4,60,1 RM,Submaximal,N,180,Machine,Isotonic,0.433333334,0.666666667,0.2,13.38,2.72,15.44,3.11,9
7,Pedrosa et al.,2021,Between,FULL,23.44,59.69,161,0,F,UT,9,US,Lower,VL,50,CSA,12,70,150,0.46666667,Mid,4.75,Y,N,7,3,1,4,60,1 RM,Submaximal,N,180,Machine,Isotonic,0.433333334,0.666666667,0.2,14.48,3.7,16.28,3.61,9
7,Pedrosa et al.,2021,Between,FULL,23.44,59.69,161,0,F,UT,9,US,Lower,VL,60,CSA,12,70,150,0.46666667,Mid,4.75,Y,N,7,3,1,4,60,1 RM,Submaximal,N,180,Machine,Isotonic,0.433333334,0.666666667,0.2,12.94,3.6,14.32,3.51,9
7,Pedrosa et al.,2021,Between,FULL,23.44,59.69,161,0,F,UT,9,US,Lower,VL,70,CSA,12,70,150,0.46666667,Mid,4.75,Y,N,7,3,1,4,60,1 RM,Submaximal,N,180,Machine,Isotonic,0.433333334,0.666666667,0.2,9.14,2.82,10.07,3.09,9
8,Pedrosa et al.,2023,Within,INITIAL,22.8,64.5,164.1,0,F,UT,19,US,Upper,Elbow Flexors,50,CSA,8,68,140,0.485714286,Long,4.5,Y,N,9,3,1,4,,,VOL. Fail,N,180,Free weight,Isotonic,0.680144927,0.793478261,0.566811594,4.77,0.99,5.7,1.11,19
8,Pedrosa et al.,2023,Within,INITIAL,22.8,64.5,164.1,0,F,UT,19,US,Upper,Elbow Flexors,70,CSA,8,68,140,0.485714286,Long,4.5,Y,N,9,3,1,4,,,VOL. Fail,N,180,Free weight,Isotonic,0.680144927,0.793478261,0.566811594,3.86,1.19,4.79,1.53,19
8,Pedrosa et al.,2023,Within,FINAL,22.8,64.5,164.1,0,F,UT,19,US,Upper,Elbow Flexors,50,CSA,8,67,140,0.478571429,Short,4.5,Y,N,9,3,1,4,,,VOL. Fail,N,180,Free weight,Isotonic,0.455144928,0.566811594,0.343478261,4.83,0.92,5.84,1.13,19
8,Pedrosa et al.,2023,Within,FINAL,22.8,64.5,164.1,0,F,UT,19,US,Upper,Elbow Flexors,70,CSA,8,67,140,0.478571429,Short,4.5,Y,N,9,3,1,4,,,VOL. Fail,N,180,Free weight,Isotonic,0.456811595,0.570144928,0.343478261,3.93,1.21,4.47,1.5,19
9,Sato et al,2021,Between,EXT,20.7,60.9,167.1,0.583333,B,UT,12,US,Upper,Elbow Flexors,50,MT,5,50,140,0.357142857,Long,3,Y,N,10,2,1,4,71%,MVC,Submaximal,N,180,Isokinetic,Isotonic,0.710144928,0.793478261,0.626811594,21.8,4.4,22.9,4.2,12
9,Sato et al,2021,Between,EXT,20.7,60.9,167.1,0.583333,B,UT,12,US,Upper,Elbow Flexors,60,MT,5,50,140,0.357142857,Long,3,Y,N,10,2,1,4,71%,MVC,Submaximal,N,180,Isokinetic,Isotonic,0.710144928,0.793478261,0.626811594,21.8,4.1,23.3,4,12
9,Sato et al,2021,Between,EXT,20.7,60.9,167.1,0.583333,B,UT,12,US,Upper,Elbow Flexors,70,MT,5,50,140,0.357142857,Long,3,Y,N,10,2,1,4,71%,MVC,Submaximal,N,180,Isokinetic,Isotonic,0.710144928,0.793478261,0.626811594,23.7,3.7,26.7,3.6,12
9,Sato et al,2021,Between,FLEX,21.4,58.8,165.7,0.666667,B,UT,12,US,Upper,Elbow Flexors,50,MT,5,50,140,0.357142857,Short,3,Y,N,10,2,1,4,71%,MVC,Submaximal,N,180,Isokinetic,Isotonic,0.443478261,0.526811594,0.360144928,21.9,5.1,22.7,5.1,12
9,Sato et al,2021,Between,FLEX,21.4,58.8,165.7,0.666667,B,UT,12,US,Upper,Elbow Flexors,60,MT,5,50,140,0.357142857,Short,3,Y,N,10,2,1,4,71%,MVC,Submaximal,N,180,Isokinetic,Isotonic,0.443478261,0.526811594,0.360144928,21.9,5.3,23,5.6,12
9,Sato et al,2021,Between,FLEX,21.4,58.8,165.7,0.666667,B,UT,12,US,Upper,Elbow Flexors,70,MT,5,50,140,0.357142857,Short,3,Y,N,10,2,1,4,71%,MVC,Submaximal,N,180,Isokinetic,Isotonic,0.443478261,0.526811594,0.360144928,23.5,5,24,5,12
10,Stasinaki et al,2018,Within,LL,19.3,60.1,166.3,0,F,UT,9,US,Upper,Triceps Brachii Long Head,50,MT,6,80,140,0.571428571,Long,6,Y,N,6,2,1,,85%,1 RM,Failure,N,120,Cable,Isotonic,0.866666667,1,0.733333333,1.29,0.2,1.46,0.2,9
10,Stasinaki et al,2018,Within,LL,19.3,60.1,166.3,0,F,UT,9,US,Upper,Triceps Brachii Long Head,60,MT,6,80,140,0.571428571,Long,6,Y,N,6,2,1,,85%,1 RM,Failure,N,120,Cable,Isotonic,0.866666667,1,0.733333333,1.22,0.21,1.43,0.19,9
10,Stasinaki et al.,2018,Within,LL,19.3,60.1,166.3,0,F,UT,9,US,Upper,Triceps Brachii Long Head,50,CSA,6,80,140,0.571428571,Long,6,Y,N,6,2,1,,85%,1RM,Failure,N,120,Cable,Isotonic,0.866666667,1,0.733333333,6.34,1.62,6.27,2.04,9
10,Stasinaki et al.,2018,Within,LL,19.3,60.1,166.3,0,F,UT,9,US,Upper,Triceps Brachii Long Head,60,CSA,6,80,140,0.571428571,Long,6,Y,N,6,2,1,,85%,1RM,Failure,N,120,Cable,Isotonic,0.866666667,1,0.733333333,10.43,2.54,12.65,2.35,9
10,Stasinaki et al,2018,Within,SL,19.3,60.1,166.3,0,F,UT,9,US,Upper,Triceps Brachii Long Head,50,MT,6,80,140,0.571428571,Short,6,Y,N,6,2,1,,85%,1 RM,Failure,N,120,Cable,Isotonic,0.275362319,0.408695652,0.142028986,1.35,0.26,1.47,0.21,9
10,Stasinaki et al,2018,Within,SL,19.3,60.1,166.3,0,F,UT,9,US,Upper,Triceps Brachii Long Head,60,MT,6,80,140,0.571428571,Short,6,Y,N,6,2,1,,85%,1 RM,Failure,N,120,Cable,Isotonic,0.275362319,0.408695652,0.142028986,1.23,0.25,1.4,0.25,9
10,Stasinaki et al.,2018,Within,SL,19.3,60.1,166.3,0,F,UT,9,US,Upper,Triceps Brachii Long Head,50,CSA,6,80,140,0.571428571,Short,6,Y,N,6,2,1,,85%,1RM,Failure,N,120,Cable,Isotonic,0.275362319,0.408695652,0.142028986,5.93,1.98,6.65,2.28,9
10,Stasinaki et al.,2018,Within,SL,19.3,60.1,166.3,0,F,UT,9,US,Upper,Triceps Brachii Long Head,60,CSA,6,80,140,0.571428571,Short,6,Y,N,6,2,1,,85%,1RM,Failure,N,120,Cable,Isotonic,0.275362319,0.408695652,0.142028986,10.76,2,12.59,3.39,9
11,Valmatos et al,2018,Within,FULL,21.6,71,175,1,M,UT,11,MRI,Lower,VL,50,CSA,15,100,150,0.666666667,Long,7,N,N,12.4,3,1,,100,Maximal intent,Max,N,60,Isokinetic,Concentric,0.2,0.4,0,33.3,4.2,35.1,4.2,11
11,Valmatos et al,2018,Within,FULL,21.6,71,175,1,M,UT,11,MRI,Lower,VL,70,CSA,15,100,150,0.666666667,Long,7,N,N,12.4,3,1,,100,Maximal intent,Max,N,60,Isokinetic,Concentric,0.2,0.4,0,23,3.2,24.7,3.4,11
11,Valmatos et al,2018,Within,FULL,21.6,71,175,1,M,UT,11,MRI,Lower,VL,25,CSA,15,100,150,0.666666667,Long,7,N,N,12.4,3,1,,100,Maximal intent,Max,N,60,Isokinetic,Concentric,0.2,0.4,0,26.4,2.5,27.3,2.6,11
11,Valmatos et al,2018,Within,pROM,21.6,71,175,1,M,UT,11,MRI,Lower,VL,25,CSA,15,60,150,0.4,Short,7.2,N,N,19.6,3,1,,100,Maximal intent,Max,N,60,Isokinetic,Concentric,0.333333334,0.666666667,0,26.4,2.7,27.2,2.8,11
11,Valmatos et al,2018,Within,pROM,21.6,71,175,1,M,UT,11,MRI,Lower,VL,50,CSA,15,60,150,0.4,Short,7.2,N,N,19.6,3,1,,100,Maximal intent,Max,N,60,Isokinetic,Concentric,0.333333334,0.666666667,0,33.1,3.7,34.6,3.9,11
11,Valmatos et al,2018,Within,pROM,21.6,71,175,1,M,UT,11,MRI,Lower,VL,70,CSA,15,60,150,0.4,Short,7.2,N,N,19.6,3,1,,100,Maximal intent,Max,N,60,Isokinetic,Concentric,0.333333334,0.666666667,0,22.5,3.1,24.1,3.4,11
12,Zabaleta-Korta et al.,2023,Between,INC,27.23,63.76,162.77,1,F,T,13,US,Upper,Elbow Flexors,50,MT,9,110,150,0.733333333,Long,4,Y,N,12,3,1,3,12 RM,,Failure,N,240,Free weight,Isotonic,0.794927537,0.97826087,0.611594203,2.19,0.28,2.24,0.32,13
12,Zabaleta-Korta et al.,2023,Between,INC,27.23,63.76,162.77,1,F,T,13,US,Upper,Elbow Flexors,60,MT,9,110,150,0.733333333,Long,4,Y,N,12,3,1,3,12 RM,,Failure,N,240,Free weight,Isotonic,0.794927537,0.97826087,0.611594203,2.3,0.38,2.41,0.23,13
12,Zabaleta-Korta et al.,2023,Between,INC,27.23,63.76,162.77,1,F,T,13,US,Upper,Elbow Flexors,70,MT,9,110,150,0.733333333,Long,4,Y,N,12,3,1,3,12 RM,,Failure,N,240,Free weight,Isotonic,0.794927537,0.97826087,0.611594203,2.74,0.43,2.81,0.44,13
12,Zabaleta-Korta et al.,2023,Between,PREA,27,60.06,164.76,1,F,T,18,US,Upper,Elbow Flexors,50,MT,9,75,150,0.5,Short,4,Y,N,12,3,1,3,12 RM,,Failure,N,240,Free weight,Isotonic,0.459057971,0.584057971,0.334057971,2.13,0.34,2.27,0.43,18
12,Zabaleta-Korta et al.,2023,Between,PREA,27,60.06,164.76,1,F,T,18,US,Upper,Elbow Flexors,60,MT,9,75,150,0.5,Short,4,Y,N,12,3,1,3,12 RM,,Failure,N,240,Free weight,Isotonic,0.459057971,0.584057971,0.334057971,2.32,0.43,2.5,0.38,18
12,Zabaleta-Korta et al.,2023,Between,PREA,27,60.06,164.76,1,F,T,18,US,Upper,Elbow Flexors,70,MT,9,75,150,0.5,Short,4,Y,N,12,3,1,3,12 RM,,Failure,N,240,Free weight,Isotonic,0.459057971,0.584057971,0.334057971,2.68,0.43,2.94,0.44,18
