study_name,study_year,study,group,design,wt_avg_age,wt_avg_height,intervention_duration,total_duration,proportion_partial_ROM,wt_proportion_males,trained_state,population,rom,full_rom,proportion_full_rom,true_percent_full_rom_partial,true_percent_full_rom_full,proportion_volume_full_rom,muscle_length,training_frequency,number_of_exercises,prox_failure,modality,auxiliary_interv,other_exercises,trained_muscles,intensity,tul_rep,tul_set,sets,setsXtraining_frequency,setsXtul_set,rel_loadXsetsXtul,reps,setsXreps,rel_loadXsetsXreps,rel_loadXsetsXrepsXtraining_frequency,outcome_category,outcome_subcategory,increase_decrease,bias,percent_distal,proximal_distal,outcome_measure,FULL_m_pre,FULL_m_post,FULL_sd_pre,FULL_sd_post,FULL_ni,PART_m_pre,PART_m_post,PART_sd_pre,PART_sd_post,PART_ni
Graves et al. (1989),1989,1,1,between,26.51,171.2,10,11,1,0.475,S,General,60,120,0.5,,,0,long,2.5,1,0,machine,No,No,L,0.78594545,6,51,1,2.5,51,40.08321795,8.5,8.5,6.680536325,16.70134081,Function,strength,increase,none,,,working_weight,44.7,62.5,12.7,20,17,50.2,69.4,13.5,18.6,12
Graves et al. (1989),1989,1,2,between,26.51,171.2,10,11,1,0.475,S,General,60,120,0.5,,,0,short,2.5,1,0,machine,No,No,L,0.78594545,6,51,1,2.5,51,40.08321795,8.5,8.5,6.680536325,16.70134081,Function,strength,increase,none,,,working_weight,44.7,62.5,12.7,20,17,52.1,84.7,13.6,19.2,15
Graves et al. (1989),1989,1,1,between,26.51,171.2,10,11,1,0.475,S,General,60,120,0.5,,,0,long,2.5,1,0,machine,No,No,L,0.78594545,6,51,1,2.5,51,40.08321795,8.5,8.5,6.680536325,16.70134081,Function,strength,increase,full,,,isometric_strength_9,,,,,17,,,,,12
Graves et al. (1989),1989,1,2,between,26.51,171.2,10,11,1,0.475,S,General,60,120,0.5,,,0,short,2.5,1,0,machine,No,No,L,0.78594545,6,51,1,2.5,51,40.08321795,8.5,8.5,6.680536325,16.70134081,Function,strength,increase,part,,,isometric_strength_9,,,,,17,,,,,15
Graves et al. (1989),1989,1,1,between,26.51,171.2,10,11,1,0.475,S,General,60,120,0.5,,,0,long,2.5,1,0,machine,No,No,L,0.78594545,6,51,1,2.5,51,40.08321795,8.5,8.5,6.680536325,16.70134081,Function,strength,increase,full,,,isometric_strength_20,,,,,17,,,,,12
Graves et al. (1989),1989,1,2,between,26.51,171.2,10,11,1,0.475,S,General,60,120,0.5,,,0,short,2.5,1,0,machine,No,No,L,0.78594545,6,51,1,2.5,51,40.08321795,8.5,8.5,6.680536325,16.70134081,Function,strength,increase,part,,,isometric_strength_20,,,,,17,,,,,15
Graves et al. (1989),1989,1,1,between,26.51,171.2,10,11,1,0.475,S,General,60,120,0.5,,,0,long,2.5,1,0,machine,No,No,L,0.78594545,6,51,1,2.5,51,40.08321795,8.5,8.5,6.680536325,16.70134081,Function,strength,increase,full,,,isometric_strength_35,,,,,17,,,,,12
Graves et al. (1989),1989,1,2,between,26.51,171.2,10,11,1,0.475,S,General,60,120,0.5,,,0,short,2.5,1,0,machine,No,No,L,0.78594545,6,51,1,2.5,51,40.08321795,8.5,8.5,6.680536325,16.70134081,Function,strength,increase,part,,,isometric_strength_35,,,,,17,,,,,15
Graves et al. (1989),1989,1,1,between,26.51,171.2,10,11,1,0.475,S,General,60,120,0.5,,,0,long,2.5,1,0,machine,No,No,L,0.78594545,6,51,1,2.5,51,40.08321795,8.5,8.5,6.680536325,16.70134081,Function,strength,increase,full,,,isometric_strength_50,,,,,17,,,,,12
Graves et al. (1989),1989,1,2,between,26.51,171.2,10,11,1,0.475,S,General,60,120,0.5,,,0,short,2.5,1,0,machine,No,No,L,0.78594545,6,51,1,2.5,51,40.08321795,8.5,8.5,6.680536325,16.70134081,Function,strength,increase,part,,,isometric_strength_50,,,,,17,,,,,15
Graves et al. (1989),1989,1,1,between,26.51,171.2,10,11,1,0.475,S,General,60,120,0.5,,,0,long,2.5,1,0,machine,No,No,L,0.78594545,6,51,1,2.5,51,40.08321795,8.5,8.5,6.680536325,16.70134081,Function,strength,increase,part,,,isometric_strength_65,,,,,17,,,,,12
Graves et al. (1989),1989,1,2,between,26.51,171.2,10,11,1,0.475,S,General,60,120,0.5,,,0,short,2.5,1,0,machine,No,No,L,0.78594545,6,51,1,2.5,51,40.08321795,8.5,8.5,6.680536325,16.70134081,Function,strength,increase,full,,,isometric_strength_65,,,,,17,,,,,15
Graves et al. (1989),1989,1,1,between,26.51,171.2,10,11,1,0.475,S,General,60,120,0.5,,,0,long,2.5,1,0,machine,No,No,L,0.78594545,6,51,1,2.5,51,40.08321795,8.5,8.5,6.680536325,16.70134081,Function,strength,increase,part,,,isometric_strength_80,,,,,17,,,,,12
Graves et al. (1989),1989,1,2,between,26.51,171.2,10,11,1,0.475,S,General,60,120,0.5,,,0,short,2.5,1,0,machine,No,No,L,0.78594545,6,51,1,2.5,51,40.08321795,8.5,8.5,6.680536325,16.70134081,Function,strength,increase,full,,,isometric_strength_80,,,,,17,,,,,15
Graves et al. (1989),1989,1,1,between,26.51,171.2,10,11,1,0.475,S,General,60,120,0.5,,,0,long,2.5,1,0,machine,No,No,L,0.78594545,6,51,1,2.5,51,40.08321795,8.5,8.5,6.680536325,16.70134081,Function,strength,increase,part,,,isometric_strength_95,,,,,17,,,,,12
Graves et al. (1989),1989,1,2,between,26.51,171.2,10,11,1,0.475,S,General,60,120,0.5,,,0,short,2.5,1,0,machine,No,No,L,0.78594545,6,51,1,2.5,51,40.08321795,8.5,8.5,6.680536325,16.70134081,Function,strength,increase,full,,,isometric_strength_95,,,,,17,,,,,15
Graves et al. (1989),1989,1,1,between,26.51,171.2,10,11,1,0.475,S,General,60,120,0.5,,,0,long,2.5,1,0,machine,No,No,L,0.78594545,6,51,1,2.5,51,40.08321795,8.5,8.5,6.680536325,16.70134081,Function,strength,increase,part,,,isometric_strength_110,,,,,17,,,,,12
Graves et al. (1989),1989,1,2,between,26.51,171.2,10,11,1,0.475,S,General,60,120,0.5,,,0,short,2.5,1,0,machine,No,No,L,0.78594545,6,51,1,2.5,51,40.08321795,8.5,8.5,6.680536325,16.70134081,Function,strength,increase,full,,,isometric_strength_110,,,,,17,,,,,15
Graves et al. (1992),1992,2,3,between,30.25,171.6,12,14,1,0.55014881,S,General,36,72,0.5,,,0,long,1,1,0,machine,No,No,U,0.745877,6,60,1,1,60,44.75262,10,10,7.45877,7.45877,Function,strength,increase,full,,,isometric_torque_0,,,,,16,,,,,18
Graves et al. (1992),1992,2,4,between,30.25,171.6,12,14,1,0.55014881,S,General,36,72,0.5,,,0,short,1,1,0,machine,No,No,U,0.745877,6,60,1,1,60,44.75262,10,10,7.45877,7.45877,Function,strength,increase,part,,,isometric_torque_0,,,,,16,,,,,14
Graves et al. (1992),1992,2,3,between,30.25,171.6,12,14,1,0.55014881,S,General,36,72,0.5,,,0,long,1,1,0,machine,No,No,U,0.745877,6,60,1,1,60,44.75262,10,10,7.45877,7.45877,Function,strength,increase,full,,,isometric_torque_12,,,,,16,,,,,18
Graves et al. (1992),1992,2,4,between,30.25,171.6,12,14,1,0.55014881,S,General,36,72,0.5,,,0,short,1,1,0,machine,No,No,U,0.745877,6,60,1,1,60,44.75262,10,10,7.45877,7.45877,Function,strength,increase,part,,,isometric_torque_12,,,,,16,,,,,14
Graves et al. (1992),1992,2,3,between,30.25,171.6,12,14,1,0.55014881,S,General,36,72,0.5,,,0,long,1,1,0,machine,No,No,U,0.745877,6,60,1,1,60,44.75262,10,10,7.45877,7.45877,Function,strength,increase,full,,,isometric_torque_24,,,,,16,,,,,18
Graves et al. (1992),1992,2,4,between,30.25,171.6,12,14,1,0.55014881,S,General,36,72,0.5,,,0,short,1,1,0,machine,No,No,U,0.745877,6,60,1,1,60,44.75262,10,10,7.45877,7.45877,Function,strength,increase,part,,,isometric_torque_24,,,,,16,,,,,14
Graves et al. (1992),1992,2,3,between,30.25,171.6,12,14,1,0.55014881,S,General,36,72,0.5,,,0,long,1,1,0,machine,No,No,U,0.745877,6,60,1,1,60,44.75262,10,10,7.45877,7.45877,Function,strength,increase,part,,,isometric_torque_36,,,,,16,,,,,18
Graves et al. (1992),1992,2,4,between,30.25,171.6,12,14,1,0.55014881,S,General,36,72,0.5,,,0,short,1,1,0,machine,No,No,U,0.745877,6,60,1,1,60,44.75262,10,10,7.45877,7.45877,Function,strength,increase,part,,,isometric_torque_36,,,,,16,,,,,14
Graves et al. (1992),1992,2,3,between,30.25,171.6,12,14,1,0.55014881,S,General,36,72,0.5,,,0,long,1,1,0,machine,No,No,U,0.745877,6,60,1,1,60,44.75262,10,10,7.45877,7.45877,Function,strength,increase,part,,,isometric_torque_48,,,,,16,,,,,18
Graves et al. (1992),1992,2,4,between,30.25,171.6,12,14,1,0.55014881,S,General,36,72,0.5,,,0,short,1,1,0,machine,No,No,U,0.745877,6,60,1,1,60,44.75262,10,10,7.45877,7.45877,Function,strength,increase,full,,,isometric_torque_48,,,,,16,,,,,14
Graves et al. (1992),1992,2,3,between,30.25,171.6,12,14,1,0.55014881,S,General,36,72,0.5,,,0,long,1,1,0,machine,No,No,U,0.745877,6,60,1,1,60,44.75262,10,10,7.45877,7.45877,Function,strength,increase,part,,,isometric_torque_60,,,,,16,,,,,18
Graves et al. (1992),1992,2,4,between,30.25,171.6,12,14,1,0.55014881,S,General,36,72,0.5,,,0,short,1,1,0,machine,No,No,U,0.745877,6,60,1,1,60,44.75262,10,10,7.45877,7.45877,Function,strength,increase,full,,,isometric_torque_60,,,,,16,,,,,14
Graves et al. (1992),1992,2,3,between,30.25,171.6,12,14,1,0.55014881,S,General,36,72,0.5,,,0,long,1,1,0,machine,No,No,U,0.745877,6,60,1,1,60,44.75262,10,10,7.45877,7.45877,Function,strength,increase,part,,,isometric_torque_72,,,,,16,,,,,18
Graves et al. (1992),1992,2,4,between,30.25,171.6,12,14,1,0.55014881,S,General,36,72,0.5,,,0,short,1,1,0,machine,No,No,U,0.745877,6,60,1,1,60,44.75262,10,10,7.45877,7.45877,Function,strength,increase,full,,,isometric_torque_72,,,,,16,,,,,14
Weiss et al. (2000),2000,3,5,between,23.7,,8,13,1,0.6,RA,General,55,110,0.5,0.392857143,0.785714286,0,short,3,2,0,machine,Yes,Yes,L,0.863377307,,,9.5,28.5,,,5.601265823,53.21202532,45.94205512,137.8261653,Function,strength,increase,part,,,shallow_squat_1RM,,,,,6,,,,,6
Weiss et al. (2000),2000,3,5,between,23.7,,8,13,1,0.6,RA,General,55,110,0.5,0.392857143,0.785714286,0,short,3,2,0,machine,Yes,Yes,L,0.863377307,,,9.5,28.5,,,5.601265823,53.21202532,45.94205512,137.8261653,Function,strength,increase,full,,,deep_squat_1RM,,,,,6,,,,,6
Weiss et al. (2000),2000,3,5,between,23.7,,8,13,1,0.6,RA,General,55,110,0.5,0.392857143,0.785714286,0,short,3,2,0,machine,Yes,Yes,L,0.863377307,,,9.5,28.5,,,5.601265823,53.21202532,45.94205512,137.8261653,Function,power,increase,none,,,relative_peak_power,,,,,6,,,,,6
Weiss et al. (2000),2000,3,5,between,23.7,,8,13,1,0.6,RA,General,55,110,0.5,0.392857143,0.785714286,0,short,3,2,0,machine,Yes,Yes,L,0.863377307,,,9.5,28.5,,,5.601265823,53.21202532,45.94205512,137.8261653,Function,strength,increase,none,,,relative_peak_force,,,,,6,,,,,6
Weiss et al. (2000),2000,3,5,between,23.7,,8,13,1,0.6,RA,General,55,110,0.5,0.392857143,0.785714286,0,short,3,2,0,machine,Yes,Yes,L,0.863377307,,,9.5,28.5,,,5.601265823,53.21202532,45.94205512,137.8261653,Function,sport,increase,none,,,standing_vertical_jump,,,,,6,,,,,6
Weiss et al. (2000),2000,3,5,between,23.7,,8,13,1,0.6,RA,General,55,110,0.5,0.392857143,0.785714286,0,short,3,2,0,machine,Yes,Yes,L,0.863377307,,,9.5,28.5,,,5.601265823,53.21202532,45.94205512,137.8261653,Function,sport,increase,none,,,depth_jump,,,,,6,,,,,6
Weiss et al. (2000),2000,3,5,between,23.7,,8,13,1,0.6,RA,General,55,110,0.5,0.392857143,0.785714286,0,short,3,2,0,machine,Yes,Yes,L,0.863377307,,,9.5,28.5,,,5.601265823,53.21202532,45.94205512,137.8261653,Morphology,body_fat,decrease,none,,,body_fat_percentage,,,,,6,,,,,6
Crocker (2000),2000,4,6,between,,178.2,7,11,1,1,RA,General,68.5,113.6,0.602992958,0.489285714,0.811428571,0,short,2,1,0,free,No,No,L,0.745877,,,3,6,,,10,30,22.37631,44.75262,Function,strength,increase,full,,,parallel_squat_1RM,110.9,132.3,26.8,22.7,11,112.5,126.3,24.19,25.8,11
Crocker (2000),2000,4,6,between,,178.2,7,11,1,1,RA,General,68.5,113.6,0.602992958,0.489285714,0.811428571,0,short,2,1,0,free,No,No,L,0.745877,,,3,6,,,10,30,22.37631,44.75262,Function,sport,increase,none,,,cmj_vertical_takeoff_velocity,2.766,2.893,0.17,0.21,11,2.494,2.54,0.19,0.18,11
Massey et al. (2004),2004,5,7,between,,,10,11,0,1,T,General,,,,,,0,short,2,1,0,free,No,Yes,U,0.6123155,,,3,6,,,15,45,27.5541975,55.108395,Function,strength,increase,full,,,bench_press_1RM,166.36,191.36,44.164,47.122,11,176,200.33,44.369,47.527,15
Massey et al. (2004),2004,5,8,between,,,10,11,0.5,1,T,General,,,,,,0.5,short,2,1,0,free,No,Yes,U,0.6123155,,,3,6,,,15,45,27.5541975,55.108395,Function,strength,increase,full,,,bench_press_1RM,166.36,191.36,44.164,47.122,11,205.5,222,59.02,57.184,30
Massey et al. (2005),2005,6,7,between,,,10,11,0,0,T,General,,,,,,0,short,2,1,0,free,No,Yes,U,0.6123155,,,3,6,,,15,45,27.5541975,55.108395,Function,strength,increase,full,,,bench_press_1RM,71.92,97.31,16.899,19.323,13,75,91.88,11.019,14.126,8
Massey et al. (2005),2005,6,8,between,,,10,11,0.5,0,T,General,,,,,,0.5,short,2,1,0,free,No,Yes,U,0.6123155,,,3,6,,,15,45,27.5541975,55.108395,Function,strength,increase,full,,,bench_press_1RM,71.92,97.31,16.899,19.323,13,70.63,86.88,13.212,16.462,8
Clark et al. (2011),2011,7,9,between,22.65,,5,6,0.4,1,T,Athlete,,,,,,0.25,short,2,1,,free,No,No,U,0.78861668,,,4,8,,,8.4,33.6,26.49752045,52.9950409,Function,strength,increase,full,,,bench_press_6RM,114.95,115.42,19.62616822,17.75700935,11,108.88,112.149,16.35514019,16.35514019,11
Clark et al. (2011),2011,7,9,between,22.65,,5,6,0.4,1,T,Athlete,,,,,,0.25,short,2,1,,free,No,No,U,0.78861668,,,4,8,,,8.4,33.6,26.49752045,52.9950409,Function,strength,increase,full,,,force_chest,1299,1296,184,218,11,1269,1281,242,182,11
Clark et al. (2011),2011,7,9,between,22.65,,5,6,0.4,1,T,Athlete,,,,,,0.25,short,2,1,,free,No,No,U,0.78861668,,,4,8,,,8.4,33.6,26.49752045,52.9950409,Function,strength,increase,full,,,force_1/4_rom,1731,1953,183,136,11,1884,2037,309,194,11
Clark et al. (2011),2011,7,9,between,22.65,,5,6,0.4,1,T,Athlete,,,,,,0.25,short,2,1,,free,No,No,U,0.78861668,,,4,8,,,8.4,33.6,26.49752045,52.9950409,Function,strength,increase,full,,,force_second_quarter,,,,,11,,,,,11
Clark et al. (2011),2011,7,9,between,22.65,,5,6,0.4,1,T,Athlete,,,,,,0.25,short,2,1,,free,No,No,U,0.78861668,,,4,8,,,8.4,33.6,26.49752045,52.9950409,Function,strength,increase,part,,,force_third_quarter,,,,,11,,,,,11
Clark et al. (2011),2011,7,9,between,22.65,,5,6,0.4,1,T,Athlete,,,,,,0.25,short,2,1,,free,No,No,U,0.78861668,,,4,8,,,8.4,33.6,26.49752045,52.9950409,Function,strength,increase,part,,,force_fourth_quarter,,,,,11,,,,,11
Clark et al. (2011),2011,7,9,between,22.65,,5,6,0.4,1,T,Athlete,,,,,,0.25,short,2,1,,free,No,No,U,0.78861668,,,4,8,,,8.4,33.6,26.49752045,52.9950409,Function,power,increase,full,,,CM_height,13.6,13.1,4.6,3.4,11,14.3,16.5,3.4,3.5,11
Clark et al. (2011),2011,7,9,between,22.65,,5,6,0.4,1,T,Athlete,,,,,,0.25,short,2,1,,free,No,No,U,0.78861668,,,4,8,,,8.4,33.6,26.49752045,52.9950409,Function,power,increase,full,,,CM_force,1555,1565,260,321,11,1697,1724,290,253,11
Clark et al. (2011),2011,7,9,between,22.65,,5,6,0.4,1,T,Athlete,,,,,,0.25,short,2,1,,free,No,No,U,0.78861668,,,4,8,,,8.4,33.6,26.49752045,52.9950409,Function,power,increase,part,,,half_rom_force,1188,1167,160,131,11,1275,1475,165,302,11
Hartmann et al. (2012),2012,8,10,between,23.93,176.1,10,14,1,0.610169492,RA,General,20,110,0.181818182,0.142857143,0.785714286,0,short,2,1,0,machine,No,No,L,0.8260139,,,5,10,,,7,35,28.9104865,57.820973,Function,sport,increase,none,,,CMJ_height,37.45,40.31,10.2,10.9,20,40.99,40.87,7.26,6.9,19
Hartmann et al. (2012),2012,8,10,between,23.93,176.1,10,14,1,0.610169492,RA,General,20,110,0.181818182,0.142857143,0.785714286,0,short,2,1,0,machine,No,No,L,0.8260139,,,5,10,,,7,35,28.9104865,57.820973,Function,sport,increase,none,,,SJ_height,34.8,36.69,9.55,9.61,20,34.71,35.36,6.02,4.88,19
Hartmann et al. (2012),2012,8,10,between,23.93,176.1,10,14,1,0.610169492,RA,General,20,110,0.181818182,0.142857143,0.785714286,0,short,2,1,0,machine,No,No,L,0.8260139,,,5,10,,,7,35,28.9104865,57.820973,Function,power,increase,part,,,MRFD_left,11.2,10.66,2.4,2.28,20,12.67,10.47,2.49,2.22,19
Hartmann et al. (2012),2012,8,10,between,23.93,176.1,10,14,1,0.610169492,RA,General,20,110,0.181818182,0.142857143,0.785714286,0,short,2,1,0,machine,No,No,L,0.8260139,,,5,10,,,7,35,28.9104865,57.820973,Function,power,increase,part,,,MRFD_right,11.67,11.09,2.15,1.93,20,12.25,10.42,2.43,1.88,19
Hartmann et al. (2012),2012,8,10,between,23.93,176.1,10,14,1,0.610169492,RA,General,20,110,0.181818182,0.142857143,0.785714286,0,short,2,1,0,machine,No,No,L,0.8260139,,,5,10,,,7,35,28.9104865,57.820973,Function,strength,increase,part,,,MVC_left,2056,2011,551,472,20,2549,2193,467,440,19
Hartmann et al. (2012),2012,8,10,between,23.93,176.1,10,14,1,0.610169492,RA,General,20,110,0.181818182,0.142857143,0.785714286,0,short,2,1,0,machine,No,No,L,0.8260139,,,5,10,,,7,35,28.9104865,57.820973,Function,strength,increase,part,,,MVC_right,2135,2086,499,450,20,2489,2239,404,372,19
Hartmann et al. (2012),2012,8,10,between,23.93,176.1,10,14,1,0.610169492,RA,General,20,110,0.181818182,0.142857143,0.785714286,0,short,2,1,0,machine,No,No,L,0.8260139,,,5,10,,,7,35,28.9104865,57.820973,Function,strength,increase,full,,,front_squat_1RM,67,80.5,26.77,24.97,20,72.9,72.37,19.95,21.24,19
Hartmann et al. (2012),2012,8,10,between,23.93,176.1,10,14,1,0.610169492,RA,General,20,110,0.181818182,0.142857143,0.785714286,0,short,2,1,0,machine,No,No,L,0.8260139,,,5,10,,,7,35,28.9104865,57.820973,Function,strength,increase,full,,,back_squat_1RM,80.25,101.5,30.28,30,20,87.11,82.63,26.05,26.27,19
Hartmann et al. (2012),2012,8,10,between,23.93,176.1,10,14,1,0.610169492,RA,General,20,110,0.181818182,0.142857143,0.785714286,0,short,2,1,0,machine,No,No,L,0.8260139,,,5,10,,,7,35,28.9104865,57.820973,Function,strength,increase,part,,,quarter_back_squat_1RM,179.47,224.74,50.49,44.89,20,220,297.89,42.16,41.58,19
Pinto et al. (2012),2012,9,11,between,22.4,177.6,10,11,1,1,S,General,50,130,0.384615385,,,0,short,2,1,,free,No,No,U,0.6390278,,,3,6,,,14,42,26.8391676,53.6783352,Function,strength,increase,full,,,preacher_curl_1RM,27.3,34.3,3.3,5.2,15,29.7,34.4,6.8,8.3,15
Pinto et al. (2012),2012,9,11,between,22.4,177.6,10,11,1,1,S,General,50,130,0.384615385,,,0,short,2,1,,free,No,No,U,0.6390278,,,3,6,,,14,42,26.8391676,53.6783352,Morphology,muscle_size,increase,none,,,muscle_thickness,36.3432066,39.10809019,4.6875,3.846153846,15,35.17167698,38.29667698,6.610576923,6.731229738,15
Steele et al. (2013),2013,10,12,between,43.42,175.4,12,13,1,0.552631579,S,Clinical,36,72,0.5,,,0,middle,1,1,0,machine,No,No,U,0.8,7,105,1,1,105,84,15,15,12,12,Function,strength,increase,full,,,lumbar_extension_strength_Q1,116.34,170.9916,35.48,69.50799,12,153.03,200.1069,84.6,106.0013,10
Steele et al. (2013),2013,10,12,between,43.42,175.4,12,13,1,0.552631579,S,Clinical,36,72,0.5,,,0,middle,1,1,0,machine,No,No,U,0.8,7,105,1,1,105,84,15,15,12,12,Function,strength,increase,part,,,lumbar_extension_strength_Q2,158.11,236.7576,66.74,94.20747,12,197.69,255.9934,76.79,131.6734,10
Steele et al. (2013),2013,10,12,between,43.42,175.4,12,13,1,0.552631579,S,Clinical,36,72,0.5,,,0,middle,1,1,0,machine,No,No,U,0.8,7,105,1,1,105,84,15,15,12,12,Function,strength,increase,part,,,lumbar_extension_strength_Q3,189.09,261.03,89.34,98.08973,12,235.75,288.15,102.39,136.2825,10
Steele et al. (2013),2013,10,12,between,43.42,175.4,12,13,1,0.552631579,S,Clinical,36,72,0.5,,,0,middle,1,1,0,machine,No,No,U,0.8,7,105,1,1,105,84,15,15,12,12,Function,strength,increase,full,,,lumbar_extension_strength_Q4,231.67,298.3878,91.52,108.0755,12,265.58,333.9634,108.72,173.9784,10
Bloomquist et al. (2013),2013,11,13,between,23.94,179.4,12,14,1,1,S,General,60,120,0.5,0.428571429,0.857142857,0,short,3,1,,free,No,No,L,0.83746199,4.5,29.571435,3.5,10.5,103.5000225,86.67733485,6.57143,23.000005,19.26162997,57.7848899,Function,strength,increase,full,,,deep_squat_1RM,120.7880435,144.5652174,29.59088,24.21072,8,114.1304348,123.6413043,28.53261,31.38587,9
Bloomquist et al. (2013),2013,11,13,between,23.94,179.4,12,14,1,1,S,General,60,120,0.5,0.428571429,0.857142857,0,short,3,1,,free,No,No,L,0.83746199,4.5,29.571435,3.5,10.5,103.5000225,86.67733485,6.57143,23.000005,19.26162997,57.7848899,Function,strength,increase,part,,,shallow_squat_1RM,197.826087,239.673913,40.3512,40.3512,8,203.5326087,275.8152174,31.38587,42.79891,9
Bloomquist et al. (2013),2013,11,13,between,23.94,179.4,12,14,1,1,S,General,60,120,0.5,0.428571429,0.857142857,0,short,3,1,,free,No,No,L,0.83746199,4.5,29.571435,3.5,10.5,103.5000225,86.67733485,6.57143,23.000005,19.26162997,57.7848899,Function,strength,increase,part,,,max_torque_40,,,,,8,,,,,9
Bloomquist et al. (2013),2013,11,13,between,23.94,179.4,12,14,1,1,S,General,60,120,0.5,0.428571429,0.857142857,0,short,3,1,,free,No,No,L,0.83746199,4.5,29.571435,3.5,10.5,103.5000225,86.67733485,6.57143,23.000005,19.26162997,57.7848899,Function,strength,increase,full,,,max_torque_75,,,,,8,,,,,9
Bloomquist et al. (2013),2013,11,13,between,23.94,179.4,12,14,1,1,S,General,60,120,0.5,0.428571429,0.857142857,0,short,3,1,,free,No,No,L,0.83746199,4.5,29.571435,3.5,10.5,103.5000225,86.67733485,6.57143,23.000005,19.26162997,57.7848899,Function,strength,increase,full,,,max_torque_105,,,,,8,,,,,9
Bloomquist et al. (2013),2013,11,13,between,23.94,179.4,12,14,1,1,S,General,60,120,0.5,0.428571429,0.857142857,0,short,3,1,,free,No,No,L,0.83746199,4.5,29.571435,3.5,10.5,103.5000225,86.67733485,6.57143,23.000005,19.26162997,57.7848899,Morphology,muscle_size,increase,none,,proximal,front_thigh9_CSA,,,,,8,,,,,9
Bloomquist et al. (2013),2013,11,13,between,23.94,179.4,12,14,1,1,S,General,60,120,0.5,0.428571429,0.857142857,0,short,3,1,,free,No,No,L,0.83746199,4.5,29.571435,3.5,10.5,103.5000225,86.67733485,6.57143,23.000005,19.26162997,57.7848899,Morphology,muscle_size,increase,none,,proximal,front_thigh8_CSA,,,,,8,,,,,9
Bloomquist et al. (2013),2013,11,13,between,23.94,179.4,12,14,1,1,S,General,60,120,0.5,0.428571429,0.857142857,0,short,3,1,,free,No,No,L,0.83746199,4.5,29.571435,3.5,10.5,103.5000225,86.67733485,6.57143,23.000005,19.26162997,57.7848899,Morphology,muscle_size,increase,none,,proximal,front_thigh7_CSA,,,,,8,,,,,9
Bloomquist et al. (2013),2013,11,13,between,23.94,179.4,12,14,1,1,S,General,60,120,0.5,0.428571429,0.857142857,0,short,3,1,,free,No,No,L,0.83746199,4.5,29.571435,3.5,10.5,103.5000225,86.67733485,6.57143,23.000005,19.26162997,57.7848899,Morphology,muscle_size,increase,none,,distal,front_thigh6_CSA,,,,,8,,,,,9
Bloomquist et al. (2013),2013,11,13,between,23.94,179.4,12,14,1,1,S,General,60,120,0.5,0.428571429,0.857142857,0,short,3,1,,free,No,No,L,0.83746199,4.5,29.571435,3.5,10.5,103.5000225,86.67733485,6.57143,23.000005,19.26162997,57.7848899,Morphology,muscle_size,increase,none,,distal,front_thigh5_CSA,,,,,8,,,,,9
Bloomquist et al. (2013),2013,11,13,between,23.94,179.4,12,14,1,1,S,General,60,120,0.5,0.428571429,0.857142857,0,short,3,1,,free,No,No,L,0.83746199,4.5,29.571435,3.5,10.5,103.5000225,86.67733485,6.57143,23.000005,19.26162997,57.7848899,Morphology,muscle_size,increase,none,,distal,front_thigh4_CSA,,,,,8,,,,,9
Bloomquist et al. (2013),2013,11,13,between,23.94,179.4,12,14,1,1,S,General,60,120,0.5,0.428571429,0.857142857,0,short,3,1,,free,No,No,L,0.83746199,4.5,29.571435,3.5,10.5,103.5000225,86.67733485,6.57143,23.000005,19.26162997,57.7848899,Morphology,muscle_size,increase,none,,proximal,back_thigh9_CSA,,,,,8,,,,,9
Bloomquist et al. (2013),2013,11,13,between,23.94,179.4,12,14,1,1,S,General,60,120,0.5,0.428571429,0.857142857,0,short,3,1,,free,No,No,L,0.83746199,4.5,29.571435,3.5,10.5,103.5000225,86.67733485,6.57143,23.000005,19.26162997,57.7848899,Morphology,muscle_size,increase,none,,proximal,back_thigh8_CSA,,,,,8,,,,,9
Bloomquist et al. (2013),2013,11,13,between,23.94,179.4,12,14,1,1,S,General,60,120,0.5,0.428571429,0.857142857,0,short,3,1,,free,No,No,L,0.83746199,4.5,29.571435,3.5,10.5,103.5000225,86.67733485,6.57143,23.000005,19.26162997,57.7848899,Morphology,muscle_size,increase,none,,proximal,back_thigh7_CSA,,,,,8,,,,,9
Bloomquist et al. (2013),2013,11,13,between,23.94,179.4,12,14,1,1,S,General,60,120,0.5,0.428571429,0.857142857,0,short,3,1,,free,No,No,L,0.83746199,4.5,29.571435,3.5,10.5,103.5000225,86.67733485,6.57143,23.000005,19.26162997,57.7848899,Morphology,muscle_size,increase,none,,distal,back_thigh6_CSA,,,,,8,,,,,9
Bloomquist et al. (2013),2013,11,13,between,23.94,179.4,12,14,1,1,S,General,60,120,0.5,0.428571429,0.857142857,0,short,3,1,,free,No,No,L,0.83746199,4.5,29.571435,3.5,10.5,103.5000225,86.67733485,6.57143,23.000005,19.26162997,57.7848899,Morphology,muscle_size,increase,none,,distal,back_thigh5_CSA,,,,,8,,,,,9
Bloomquist et al. (2013),2013,11,13,between,23.94,179.4,12,14,1,1,S,General,60,120,0.5,0.428571429,0.857142857,0,short,3,1,,free,No,No,L,0.83746199,4.5,29.571435,3.5,10.5,103.5000225,86.67733485,6.57143,23.000005,19.26162997,57.7848899,Morphology,muscle_size,increase,none,,distal,back_thigh4_CSA,,,,,8,,,,,9
Bloomquist et al. (2013),2013,11,13,between,23.94,179.4,12,14,1,1,S,General,60,120,0.5,0.428571429,0.857142857,0,short,3,1,,free,No,No,L,0.83746199,4.5,29.571435,3.5,10.5,103.5000225,86.67733485,6.57143,23.000005,19.26162997,57.7848899,Morphology,muscle_size,increase,none,,,legs_LBM,22.68,23.13,0.4,0.38,8,21.94,22.26,1.07,1.01,9
Bloomquist et al. (2013),2013,11,13,between,23.94,179.4,12,14,1,1,S,General,60,120,0.5,0.428571429,0.857142857,0,short,3,1,,free,No,No,L,0.83746199,4.5,29.571435,3.5,10.5,103.5000225,86.67733485,6.57143,23.000005,19.26162997,57.7848899,Morphology,muscle_size,increase,none,,,legs_MT,2.51,2.6,0.26,0.32,8,2.47,2.54,0.37,0.33,9
Bloomquist et al. (2013),2013,11,13,between,23.94,179.4,12,14,1,1,S,General,60,120,0.5,0.428571429,0.857142857,0,short,3,1,,free,No,No,L,0.83746199,4.5,29.571435,3.5,10.5,103.5000225,86.67733485,6.57143,23.000005,19.26162997,57.7848899,Function,sport,increase,none,,,SJ_height,,,,,8,,,,,9
Bloomquist et al. (2013),2013,11,13,between,23.94,179.4,12,14,1,1,S,General,60,120,0.5,0.428571429,0.857142857,0,short,3,1,,free,No,No,L,0.83746199,4.5,29.571435,3.5,10.5,103.5000225,86.67733485,6.57143,23.000005,19.26162997,57.7848899,Function,sport,increase,none,,,CMJ_height,,,,,8,,,,,9
Bazyler et al. (2014),2014,12,14,between,20.85,177.6,7,12,0.5,1,T,General,80,110,0.727273,0.571428571,0.785714286,0.532468,short,2,1,,free,No,No,L,0.7925,,,6.428571429,12.85714286,,,3.808988764,24.48635634,19.4054374,38.8108748,Function,strength,increase,part,,,shallow_squat_1RM,207.9,229.16,30.76,48.79,9,207.8,238.74,32.69,36.88,8
Bazyler et al. (2014),2014,12,14,between,20.85,177.6,7,12,0.5,1,T,General,80,110,0.727273,0.571428571,0.785714286,0.532468,short,2,1,,free,No,No,L,0.7925,,,6.428571429,12.85714286,,,3.808988764,24.48635634,19.4054374,38.8108748,Function,strength,increase,full,,,deep_squat_1RM,148.93,156.58,23.71,23.86,9,144.58,156.49,22.28,21.89,8
Bazyler et al. (2014),2014,12,14,between,20.85,177.6,7,12,0.5,1,T,General,80,110,0.727273,0.571428571,0.785714286,0.532468,short,2,1,,free,No,No,L,0.7925,,,6.428571429,12.85714286,,,3.808988764,24.48635634,19.4054374,38.8108748,Function,power,increase,full,,,RFD_50_90,1809.18,1544.57,1360.91,866.77,9,3293.66,2989.05,2406.65,1369.94,8
Bazyler et al. (2014),2014,12,14,between,20.85,177.6,7,12,0.5,1,T,General,80,110,0.727273,0.571428571,0.785714286,0.532468,short,2,1,,free,No,No,L,0.7925,,,6.428571429,12.85714286,,,3.808988764,24.48635634,19.4054374,38.8108748,Function,power,increase,full,,,RFD_90_90,2916.55,3048.53,1693.65,1387.43,9,4207.84,4187.24,2003.68,1675.34,8
Bazyler et al. (2014),2014,12,14,between,20.85,177.6,7,12,0.5,1,T,General,80,110,0.727273,0.571428571,0.785714286,0.532468,short,2,1,,free,No,No,L,0.7925,,,6.428571429,12.85714286,,,3.808988764,24.48635634,19.4054374,38.8108748,Function,power,increase,full,,,RFD_50_120,3806.13,5889.08,3692.17,3425.88,9,4961.76,5528.8,3190.71,1642.71,8
Bazyler et al. (2014),2014,12,14,between,20.85,177.6,7,12,0.5,1,T,General,80,110,0.727273,0.571428571,0.785714286,0.532468,short,2,1,,free,No,No,L,0.7925,,,6.428571429,12.85714286,,,3.808988764,24.48635634,19.4054374,38.8108748,Function,power,increase,full,,,RFD_90_120,5792.38,8354.4,5038.26,4683.4,9,7079.14,7629.05,4382.24,2367.87,8
Bazyler et al. (2014),2014,12,14,between,20.85,177.6,7,12,0.5,1,T,General,80,110,0.727273,0.571428571,0.785714286,0.532468,short,2,1,,free,No,No,L,0.7925,,,6.428571429,12.85714286,,,3.808988764,24.48635634,19.4054374,38.8108748,Function,power,increase,full,,,RFD_200_90,3414.09,3580.9,950.08,749.13,9,3897.75,3576.51,873.4,1182.69,8
Bazyler et al. (2014),2014,12,14,between,20.85,177.6,7,12,0.5,1,T,General,80,110,0.727273,0.571428571,0.785714286,0.532468,short,2,1,,free,No,No,L,0.7925,,,6.428571429,12.85714286,,,3.808988764,24.48635634,19.4054374,38.8108748,Function,power,increase,full,,,RFD_250_90,3136.56,3183.18,818.02,676.76,9,3429.67,3114.41,673.55,914.95,8
Bazyler et al. (2014),2014,12,14,between,20.85,177.6,7,12,0.5,1,T,General,80,110,0.727273,0.571428571,0.785714286,0.532468,short,2,1,,free,No,No,L,0.7925,,,6.428571429,12.85714286,,,3.808988764,24.48635634,19.4054374,38.8108748,Function,power,increase,full,,,RFD_200_120,5861.67,6910.7,2853.13,2956.08,9,7024.29,6612.04,2379.48,1558.65,8
Bazyler et al. (2014),2014,12,14,between,20.85,177.6,7,12,0.5,1,T,General,80,110,0.727273,0.571428571,0.785714286,0.532468,short,2,1,,free,No,No,L,0.7925,,,6.428571429,12.85714286,,,3.808988764,24.48635634,19.4054374,38.8108748,Function,power,increase,full,,,RFD_250_120,5377.22,5631.88,2267.17,2005.42,9,6113.61,5841.47,1740.15,1106.24,8
Bazyler et al. (2014),2014,12,14,between,20.85,177.6,7,12,0.5,1,T,General,80,110,0.727273,0.571428571,0.785714286,0.532468,short,2,1,,free,No,No,L,0.7925,,,6.428571429,12.85714286,,,3.808988764,24.48635634,19.4054374,38.8108748,Function,strength,increase,full,,,IPFa_90,107.51,113.16,6.96,8.51,9,112.75,114.42,12.88,12.26,8
Bazyler et al. (2014),2014,12,14,between,20.85,177.6,7,12,0.5,1,T,General,80,110,0.727273,0.571428571,0.785714286,0.532468,short,2,1,,free,No,No,L,0.7925,,,6.428571429,12.85714286,,,3.808988764,24.48635634,19.4054374,38.8108748,Function,strength,increase,full,,,IPFa_120,196.72,201.45,38.24,39.47,9,206.92,225.4,35.49,33.01,8
Bazyler et al. (2014),2014,12,14,between,20.85,177.6,7,12,0.5,1,T,General,80,110,0.727273,0.571428571,0.785714286,0.532468,short,2,1,,free,No,No,L,0.7925,,,6.428571429,12.85714286,,,3.808988764,24.48635634,19.4054374,38.8108748,Morphology,body_fat,decrease,none,,,body_fat_percentage,22.14,19.86,8.52,8.9,9,17.58,16.65,7.45,7.34,8
McMahon et al. (2014),2014,14,16,between,20.54,173.8,8,12,1,0.538461538,RA,Athlete,50,90,0.555555556,,,0,short,3,6,,combination,No,No,L,0.627156854,3,43.3332,12,36,519.9984,326.1205606,14.4444,173.3328,108.7068535,326.1205606,Morphology,muscle_size,increase,none,0.25,proximal,25CSA,2684,3592,427,303,8,2877,3425,338,303,8
McMahon et al. (2014),2014,14,16,between,20.54,173.8,8,12,1,0.538461538,RA,Athlete,50,90,0.555555556,,,0,short,3,6,,combination,No,No,L,0.627156854,3,43.3332,12,36,519.9984,326.1205606,14.4444,173.3328,108.7068535,326.1205606,Morphology,muscle_size,increase,none,0.5,,50CSA,3004,3545,385,339,8,3033,3699,289,342,8
McMahon et al. (2014),2014,14,16,between,20.54,173.8,8,12,1,0.538461538,RA,Athlete,50,90,0.555555556,,,0,short,3,6,,combination,No,No,L,0.627156854,3,43.3332,12,36,519.9984,326.1205606,14.4444,173.3328,108.7068535,326.1205606,Morphology,muscle_size,increase,none,0.75,distal,75CSA,1074,1505,224,217,8,1081,1162,175,127,8
McMahon et al. (2014),2014,14,16,between,20.54,173.8,8,12,1,0.538461538,RA,Athlete,50,90,0.555555556,,,0,short,3,6,,combination,No,No,L,0.627156854,3,43.3332,12,36,519.9984,326.1205606,14.4444,173.3328,108.7068535,326.1205606,Morphology,body_fat,decrease,none,,,Subcut_fat_25,18.1,15.4,4,3.3,8,16.2,15.6,3.9,3.8,8
McMahon et al. (2014),2014,14,16,between,20.54,173.8,8,12,1,0.538461538,RA,Athlete,50,90,0.555555556,,,0,short,3,6,,combination,No,No,L,0.627156854,3,43.3332,12,36,519.9984,326.1205606,14.4444,173.3328,108.7068535,326.1205606,Morphology,body_fat,decrease,none,,,Subcut_fat_50,,,,,8,,,,,8
McMahon et al. (2014),2014,14,16,between,20.54,173.8,8,12,1,0.538461538,RA,Athlete,50,90,0.555555556,,,0,short,3,6,,combination,No,No,L,0.627156854,3,43.3332,12,36,519.9984,326.1205606,14.4444,173.3328,108.7068535,326.1205606,Morphology,body_fat,decrease,none,,,Subcut_fat_75,,,,,8,,,,,8
McMahon et al. (2014),2014,14,16,between,20.54,173.8,8,12,1,0.538461538,RA,Athlete,50,90,0.555555556,,,0,short,3,6,,combination,No,No,L,0.627156854,3,43.3332,12,36,519.9984,326.1205606,14.4444,173.3328,108.7068535,326.1205606,Function,strength,increase,part,,,MVC_30,102,127,,,8,106,108,,,8
McMahon et al. (2014),2014,14,16,between,20.54,173.8,8,12,1,0.538461538,RA,Athlete,50,90,0.555555556,,,0,short,3,6,,combination,No,No,L,0.627156854,3,43.3332,12,36,519.9984,326.1205606,14.4444,173.3328,108.7068535,326.1205606,Function,strength,increase,part,,,MVC_50,157,193,,,8,167,175,,,8
McMahon et al. (2014),2014,14,16,between,20.54,173.8,8,12,1,0.538461538,RA,Athlete,50,90,0.555555556,,,0,short,3,6,,combination,No,No,L,0.627156854,3,43.3332,12,36,519.9984,326.1205606,14.4444,173.3328,108.7068535,326.1205606,Function,strength,increase,full,,,MVC_60,186,213,,,8,191,197,,,8
McMahon et al. (2014),2014,14,16,between,20.54,173.8,8,12,1,0.538461538,RA,Athlete,50,90,0.555555556,,,0,short,3,6,,combination,No,No,L,0.627156854,3,43.3332,12,36,519.9984,326.1205606,14.4444,173.3328,108.7068535,326.1205606,Function,strength,increase,full,,,MVC_65,194,231,,,8,207,216,,,8
McMahon et al. (2014),2014,14,16,between,20.54,173.8,8,12,1,0.538461538,RA,Athlete,50,90,0.555555556,,,0,short,3,6,,combination,No,No,L,0.627156854,3,43.3332,12,36,519.9984,326.1205606,14.4444,173.3328,108.7068535,326.1205606,Function,strength,increase,full,,,MVC_70,202,247,,,8,212,225,,,8
McMahon et al. (2014),2014,14,16,between,20.54,173.8,8,12,1,0.538461538,RA,Athlete,50,90,0.555555556,,,0,short,3,6,,combination,No,No,L,0.627156854,3,43.3332,12,36,519.9984,326.1205606,14.4444,173.3328,108.7068535,326.1205606,Function,strength,increase,full,,,MVC_75,193,232,,,8,218,215,,,8
McMahon et al. (2014),2014,14,16,between,20.54,173.8,8,12,1,0.538461538,RA,Athlete,50,90,0.555555556,,,0,short,3,6,,combination,No,No,L,0.627156854,3,43.3332,12,36,519.9984,326.1205606,14.4444,173.3328,108.7068535,326.1205606,Function,strength,increase,full,,,MVC_90,161,208,,,8,216,218,,,8
Rhea et al. (2016),2016,15,17,between,21.14,,16,18,1,1,T,Athlete,60,110,0.545454545,0.428571429,0.785714286,0,short,2,1,,free,No,Yes,L,0.8794385,,,6,12,,,5,30,26.383155,52.76631,Function,strength,increase,part,,,quarter_squat_1RM,163.6392405,172.721519,7.005045,11.90858,10,167.4050633,187.1202532,13.9557,9.968354,9
Rhea et al. (2016),2016,15,18,between,21.14,,16,18,1,1,T,Athlete,90,110,0.818181818,0.642857143,0.785714286,0,short,2,1,,free,No,Yes,L,0.8794385,,,6,12,,,5,30,26.383155,52.76631,Function,strength,increase,part,,,quarter_squat_1RM,163.6392405,172.721519,7.005045,11.90858,10,160.7594937,172.943038,9.96835443,13.62341772,9
Rhea et al. (2016),2016,15,17,between,21.14,,16,18,1,1,T,Athlete,60,110,0.545454545,0.428571429,0.785714286,0,short,2,1,,free,No,Yes,L,0.8794385,,,6,12,,,5,30,26.383155,52.76631,Function,strength,increase,full,,,half_squat_1RM,150.8163265,158.6734694,29.90506329,40.87025317,10,151.2244898,160,13.46938775,16.53061225,9
Rhea et al. (2016),2016,15,18,between,21.14,,16,18,1,1,T,Athlete,90,110,0.818181818,0.642857143,0.785714286,0,short,2,1,,free,No,Yes,L,0.8794385,,,6,12,,,5,30,26.383155,52.76631,Function,strength,increase,part,,,half_squat_1RM,150.8163265,158.6734694,40.40816326,49.59183674,10,146.7346939,166.3265306,12.24489796,16.53061225,9
Rhea et al. (2016),2016,15,17,between,21.14,,16,18,1,1,T,Athlete,60,110,0.545454545,0.428571429,0.785714286,0,short,2,1,,free,No,Yes,L,0.8794385,,,6,12,,,5,30,26.383155,52.76631,Function,strength,increase,full,,,full_squat_1RM,129.347181,147.0029674,36.73469388,49.59183674,10,129.347181,131.2166172,18.07121662,18.07121662,9
Rhea et al. (2016),2016,15,18,between,21.14,,16,18,1,1,T,Athlete,90,110,0.818181818,0.642857143,0.785714286,0,short,2,1,,free,No,Yes,L,0.8794385,,,6,12,,,5,30,26.383155,52.76631,Function,strength,increase,full,,,full_squat_1RM,129.347181,147.0029674,54.21364985,54.21364985,10,124.9851632,125.4005935,14.33234421,14.95548962,9
Rhea et al. (2016),2016,15,17,between,21.14,,16,18,1,1,T,Athlete,60,110,0.545454545,0.428571429,0.785714286,0,short,2,1,,free,No,Yes,L,0.8794385,,,6,12,,,5,30,26.383155,52.76631,Function,sport,increase,none,,,vertical_jump_height,73.61538462,74.87179487,42.99703264,44.86646885,10,75.85897436,87.21153846,15.34615385,10.5,9
Rhea et al. (2016),2016,15,18,between,21.14,,16,18,1,1,T,Athlete,90,110,0.818181818,0.642857143,0.785714286,0,short,2,1,,free,No,Yes,L,0.8794385,,,6,12,,,5,30,26.383155,52.76631,Function,sport,increase,none,,,vertical_jump_height,73.61538462,74.87179487,46.03846154,31.5,10,76.98076923,82.41025641,9.692307693,8.076923076,9
Rhea et al. (2016),2016,15,17,between,21.14,,16,18,1,1,T,Athlete,60,110,0.545454545,0.428571429,0.785714286,0,short,2,1,,free,No,Yes,L,0.8794385,,,6,12,,,5,30,26.383155,52.76631,Function,sport,decrease,none,,,40_yard_sprint_time,4.759183673,4.749854227,29.07692308,24.23076923,10,4.682215743,4.579591837,0.160932945,0.13994169,9
Rhea et al. (2016),2016,15,18,between,21.14,,16,18,1,1,T,Athlete,90,110,0.818181818,0.642857143,0.785714286,0,short,2,1,,free,No,Yes,L,0.8794385,,,6,12,,,5,30,26.383155,52.76631,Function,sport,decrease,none,,,40_yard_sprint_time,4.759183673,4.749854227,0.482798835,0.41982507,10,4.728862974,4.668221574,0.178425657,0.160932945,9
Valamatos et al. (2018),2018,16,19,within,22.93,175.8,15,15,1,1,RA,General,60,100,0.6,,,0,short,3,1,,machine,No,No,L,0.817618491,1.0231,7.483,7,21,52.381,42.82767419,7.31429,51.20003,41.86209128,125.5862738,Morphology,muscle_size,increase,none,,,VL_volume,724.8,780,81.1,87.8,11,715.9,763.7,83.2,86.4,11
Valamatos et al. (2018),2018,16,19,within,22.93,175.8,15,15,1,1,RA,General,60,100,0.6,,,0,short,3,1,,machine,No,No,L,0.817618491,1.0231,7.483,7,21,52.381,42.82767419,7.31429,51.20003,41.86209128,125.5862738,Morphology,muscle_size,increase,none,0.25,proximal,VL_proximal_ACSA_25,26.4,27.3,2.5,2.6,11,26.4,27.2,2.7,2.8,11
Valamatos et al. (2018),2018,16,19,within,22.93,175.8,15,15,1,1,RA,General,60,100,0.6,,,0,short,3,1,,machine,No,No,L,0.817618491,1.0231,7.483,7,21,52.381,42.82767419,7.31429,51.20003,41.86209128,125.5862738,Morphology,muscle_size,increase,none,0.5,,VL_medial_ACSA_50,33.3,35.1,4.1,4.2,11,33.1,34.6,3.7,3.9,11
Valamatos et al. (2018),2018,16,19,within,22.93,175.8,15,15,1,1,RA,General,60,100,0.6,,,0,short,3,1,,machine,No,No,L,0.817618491,1.0231,7.483,7,21,52.381,42.82767419,7.31429,51.20003,41.86209128,125.5862738,Morphology,muscle_size,increase,none,0.75,distal,VL_distal_ACSA_75,23,24.7,3.2,3.4,11,22.5,24.1,3.1,3.4,11
Valamatos et al. (2018),2018,16,19,within,22.93,175.8,15,15,1,1,RA,General,60,100,0.6,,,0,short,3,1,,machine,No,No,L,0.817618491,1.0231,7.483,7,21,52.381,42.82767419,7.31429,51.20003,41.86209128,125.5862738,Function,strength,increase,part,,,torque_30,140.2,147.3,29.7,22.9,11,142.2,161.9,27.3,29.5,11
Valamatos et al. (2018),2018,16,19,within,22.93,175.8,15,15,1,1,RA,General,60,100,0.6,,,0,short,3,1,,machine,No,No,L,0.817618491,1.0231,7.483,7,21,52.381,42.82767419,7.31429,51.20003,41.86209128,125.5862738,Function,strength,increase,part,,,torque_40,178.2,191.9,35.3,29.5,11,170.5,196.5,25.5,30.9,11
Valamatos et al. (2018),2018,16,19,within,22.93,175.8,15,15,1,1,RA,General,60,100,0.6,,,0,short,3,1,,machine,No,No,L,0.817618491,1.0231,7.483,7,21,52.381,42.82767419,7.31429,51.20003,41.86209128,125.5862738,Function,strength,increase,part,,,torque_50,202.3,238.8,36.4,29.4,11,202.6,241.3,28.8,31.9,11
Valamatos et al. (2018),2018,16,19,within,22.93,175.8,15,15,1,1,RA,General,60,100,0.6,,,0,short,3,1,,machine,No,No,L,0.817618491,1.0231,7.483,7,21,52.381,42.82767419,7.31429,51.20003,41.86209128,125.5862738,Function,strength,increase,part,,,torque_60,239.3,285.8,42.2,32.1,11,240.5,294.7,33,34.5,11
Valamatos et al. (2018),2018,16,19,within,22.93,175.8,15,15,1,1,RA,General,60,100,0.6,,,0,short,3,1,,machine,No,No,L,0.817618491,1.0231,7.483,7,21,52.381,42.82767419,7.31429,51.20003,41.86209128,125.5862738,Function,strength,increase,full,,,torque_70,273.4,333,46.7,45.9,11,263.9,335.7,37.4,38.4,11
Valamatos et al. (2018),2018,16,19,within,22.93,175.8,15,15,1,1,RA,General,60,100,0.6,,,0,short,3,1,,machine,No,No,L,0.817618491,1.0231,7.483,7,21,52.381,42.82767419,7.31429,51.20003,41.86209128,125.5862738,Function,strength,increase,full,,,torque_75,280.2,362.6,34.3,41.6,11,282,342.9,50.9,29.5,11
Valamatos et al. (2018),2018,16,19,within,22.93,175.8,15,15,1,1,RA,General,60,100,0.6,,,0,short,3,1,,machine,No,No,L,0.817618491,1.0231,7.483,7,21,52.381,42.82767419,7.31429,51.20003,41.86209128,125.5862738,Function,strength,increase,full,,,torque_80,266.6,372.2,41,61.3,11,280.2,337.9,56.8,54.3,11
Valamatos et al. (2018),2018,16,19,within,22.93,175.8,15,15,1,1,RA,General,60,100,0.6,,,0,short,3,1,,machine,No,No,L,0.817618491,1.0231,7.483,7,21,52.381,42.82767419,7.31429,51.20003,41.86209128,125.5862738,Function,strength,increase,full,,,torque_85,260.7,362,45.4,60.8,11,274.9,310.3,59,65.4,11
Valamatos et al. (2018),2018,16,19,within,22.93,175.8,15,15,1,1,RA,General,60,100,0.6,,,0,short,3,1,,machine,No,No,L,0.817618491,1.0231,7.483,7,21,52.381,42.82767419,7.31429,51.20003,41.86209128,125.5862738,Function,strength,increase,full,,,torque_90,246,319.8,46.3,69.3,11,254.8,283.8,57.4,66,11
Valamatos et al. (2018),2018,16,19,within,22.93,175.8,15,15,1,1,RA,General,60,100,0.6,,,0,short,3,1,,machine,No,No,L,0.817618491,1.0231,7.483,7,21,52.381,42.82767419,7.31429,51.20003,41.86209128,125.5862738,Function,strength,increase,full,,,torque_100,217.4,251.3,40.2,49.8,11,228.1,238.2,55.5,65.3,11
Valamatos et al. (2018),2018,16,19,within,22.93,175.8,15,15,1,1,RA,General,60,100,0.6,,,0,short,3,1,,machine,No,No,L,0.817618491,1.0231,7.483,7,21,52.381,42.82767419,7.31429,51.20003,41.86209128,125.5862738,Function,strength,increase,none,,,maximal_MVC,290.7,383.8,45,56.1,11,292.3,365.4,54.6,44.9,11
Valamatos et al. (2018),2018,16,19,within,22.93,175.8,15,15,1,1,RA,General,60,100,0.6,,,0,short,3,1,,machine,No,No,L,0.817618491,1.0231,7.483,7,21,52.381,42.82767419,7.31429,51.20003,41.86209128,125.5862738,Function,strength,increase,none,,,quadriceps_force,7.38,9.44,1.22,1.33,11,7.46,8.78,1.55,1.33,11
Valamatos et al. (2018),2018,16,19,within,22.93,175.8,15,15,1,1,RA,General,60,100,0.6,,,0,short,3,1,,machine,No,No,L,0.817618491,1.0231,7.483,7,21,52.381,42.82767419,7.31429,51.20003,41.86209128,125.5862738,Morphology,muscle_size,increase,none,,,VL_PCSA,86.6,88.7,11.6,10.9,11,84.9,91.5,10.5,10.7,11
Valamatos et al. (2018),2018,16,19,within,22.93,175.8,15,15,1,1,RA,General,60,100,0.6,,,0,short,3,1,,machine,No,No,L,0.817618491,1.0231,7.483,7,21,52.381,42.82767419,7.31429,51.20003,41.86209128,125.5862738,Function,strength,increase,none,,,VL_fascicle_force,2.71,3.51,0.47,0.53,11,2.74,3.29,0.59,0.53,11
Valamatos et al. (2018),2018,16,19,within,22.93,175.8,15,15,1,1,RA,General,60,100,0.6,,,0,short,3,1,,machine,No,No,L,0.817618491,1.0231,7.483,7,21,52.381,42.82767419,7.31429,51.20003,41.86209128,125.5862738,Function,strength,increase,none,,,VL_specific_tension,31.8,40,6.8,6.7,11,32.6,36.2,7.4,5.5,11
Goto et al. (2019),2019,17,20,between,21.1,170.1,8,8,1,1,T,General,45,120,0.375,,,0,long,3,1,,free,No,No,U,0.7993016,,,3,9,,,8,24,19.1832384,57.5497152,Morphology,muscle_size,increase,none,,,triceps_brachii_csa,119.9367089,153.164557,18.98734177,18.98734177,22,116.1392405,174.0506329,18.67088608,29.74683544,22
Goto et al. (2019),2019,17,20,between,21.1,170.1,8,8,1,1,T,General,45,120,0.375,,,0,long,3,1,,free,No,No,U,0.7993016,,,3,9,,,8,24,19.1832384,57.5497152,Function,strength,increase,none,,,working_load_8RM,39.3,42.6,8.5,7.8,22,38.6,45.2,7.9,8.7,22
Goto et al. (2019),2019,17,20,between,21.1,170.1,8,8,1,1,T,General,45,120,0.375,,,0,long,3,1,,free,No,No,U,0.7993016,,,3,9,,,8,24,19.1832384,57.5497152,Function,strength,increase,part,,,isometric_torque,61.3,76.2,11.4,12.6,22,59.8,83.6,9.5,10.2,22
Goto et al. (2019),2019,17,20,between,21.1,170.1,8,8,1,1,T,General,45,120,0.375,,,0,long,3,1,,free,No,No,U,0.7993016,,,3,9,,,8,24,19.1832384,57.5497152,Function,strength,increase,full,,,isokinetic_torque_120,49.6,64.7,9.7,12.3,22,49.2,63.8,8.7,11.4,22
Goto et al. (2019),2019,17,20,between,21.1,170.1,8,8,1,1,T,General,45,120,0.375,,,0,long,3,1,,free,No,No,U,0.7993016,,,3,9,,,8,24,19.1832384,57.5497152,Function,strength,increase,full,,,isokinetic_torque_200,46.7,51.9,12.1,13.5,22,45.6,50.1,10.5,10.3,22
Goto et al. (2019),2019,17,20,between,21.1,170.1,8,8,1,1,T,General,45,120,0.375,,,0,long,3,1,,free,No,No,U,0.7993016,,,3,9,,,8,24,19.1832384,57.5497152,Function,strength,increase,part,,,specific_torque,0.5,0.5,0.1,0.1,22,0.4,0.5,0.1,0.1,22
Esmaeeldokht (2019),2019,18,21,between,27.1,166.7,8,10,1,0,S,General,,,,,,0,,3,4,,combination,No,No,L,0.65,,,,,,,,,,0,Function,strength,increase,full,,,squat_1RM,30.7,35.8,4.4,4.4,7,32.8,38,3.9,4,7
Esmaeeldokht (2019),2019,18,21,between,27.1,166.7,8,10,1,0,S,General,,,,,,0,,3,4,,combination,No,No,L,0.65,,,,,,,,,,0,Function,strength,increase,full,,,hamstring_1RM,37.8,47,4.8,5,7,40.4,49.5,4.3,4.1,7
Esmaeeldokht (2019),2019,18,21,between,27.1,166.7,8,10,1,0,S,General,,,,,,0,,3,4,,combination,No,No,L,0.65,,,,,,,,,,0,Function,strength,increase,full,,,Deadlift_1RM,23.5,28.7,4.7,4.6,7,25,30.1,2.8,2.6,7
Esmaeeldokht (2019),2019,18,21,between,27.1,166.7,8,10,1,0,S,General,,,,,,0,,3,4,,combination,No,No,L,0.65,,,,,,,,,,0,Function,strength,increase,full,,,Leg_press_1RM,160,180.4,16.3,16.3,7,171.4,191.7,25.4,25.5,7
Esmaeeldokht (2019),2019,18,21,between,27.1,166.7,8,10,1,0,S,General,,,,,,0,,3,4,,combination,No,No,L,0.65,,,,,,,,,,0,Morphology,body_fat,decrease,none,,,skinfold_body_fat,30.8,27.8,4.9,3.8,7,29,26.7,6.8,6.6,7
Esmaeeldokht (2019),2019,18,21,between,27.1,166.7,8,10,1,0,S,General,,,,,,0,,3,4,,combination,No,No,L,0.65,,,,,,,,,,0,Morphology,body_fat,decrease,none,,,waist_hip_ratio,0.8,0.77,0.04,0.02,7,0.85,0.81,0.03,0.03,7
Martinez-Cava et al. (2019),2019,20,22,between,24,176.2,10,12,1,1,T,General,,,,,,0,short,2,1,,machine,No,No,U,0.675,,,4.5,9,,,6.2,27.9,18.8325,37.665,Function,strength,increase,full,,,1RM_full,71.8,80.7,15.6,15.8,11,71.3,76.3,13.1,11.9,13
Martinez-Cava et al. (2019),2019,20,23,between,24,176.2,10,12,1,1,T,General,,,,,,0,short,2,1,,machine,No,No,U,0.675,,,4.5,9,,,6.2,27.9,18.8325,37.665,Function,strength,increase,full,,,1RM_full,71.8,80.7,15.6,15.8,11,75.4,75.2,18.1,14.6,13
Martinez-Cava et al. (2019),2019,20,22,between,24,176.2,10,12,1,1,T,General,,,,,,0,short,2,1,,machine,No,No,U,0.675,,,4.5,9,,,6.2,27.9,18.8325,37.665,Function,strength,increase,part,,,1RM_2/3,83.5,91.8,15.9,16.4,11,83,89.1,9.5,8.7,13
Martinez-Cava et al. (2019),2019,20,23,between,24,176.2,10,12,1,1,T,General,,,,,,0,short,2,1,,machine,No,No,U,0.675,,,4.5,9,,,6.2,27.9,18.8325,37.665,Function,strength,increase,full,,,1RM_2/3,83.5,91.8,15.9,16.4,11,84,86.3,19.6,15.2,13
Martinez-Cava et al. (2019),2019,20,22,between,24,176.2,10,12,1,1,T,General,,,,,,0,short,2,1,,machine,No,No,U,0.675,,,4.5,9,,,6.2,27.9,18.8325,37.665,Function,strength,increase,part,,,1RM_1/3,107.3,118.7,16.6,17.7,11,111.2,123.2,17.1,14.8,13
Martinez-Cava et al. (2019),2019,20,23,between,24,176.2,10,12,1,1,T,General,,,,,,0,short,2,1,,machine,No,No,U,0.675,,,4.5,9,,,6.2,27.9,18.8325,37.665,Function,strength,increase,part,,,1RM_1/3,107.3,118.7,16.6,17.7,11,110.4,117.5,22.5,19.8,13
Martinez-Cava et al. (2019),2019,20,22,between,24,176.2,10,12,1,1,T,General,,,,,,0,short,2,1,,machine,No,No,U,0.675,,,4.5,9,,,6.2,27.9,18.8325,37.665,Function,strength,increase,full,,,relative_1RM_full,0.98,1.14,0.18,0.18,11,0.96,1.02,0.21,0.19,13
Martinez-Cava et al. (2019),2019,20,23,between,24,176.2,10,12,1,1,T,General,,,,,,0,short,2,1,,machine,No,No,U,0.675,,,4.5,9,,,6.2,27.9,18.8325,37.665,Function,strength,increase,full,,,relative_1RM_full,0.98,1.14,0.18,0.18,11,0.98,0.99,0.19,0.16,13
Martinez-Cava et al. (2019),2019,20,22,between,24,176.2,10,12,1,1,T,General,,,,,,0,short,2,1,,machine,No,No,U,0.675,,,4.5,9,,,6.2,27.9,18.8325,37.665,Function,strength,increase,part,,,relative_1RM_2/3,1.15,1.3,0.18,0.19,11,1.11,1.19,0.2,0.21,13
Martinez-Cava et al. (2019),2019,20,23,between,24,176.2,10,12,1,1,T,General,,,,,,0,short,2,1,,machine,No,No,U,0.675,,,4.5,9,,,6.2,27.9,18.8325,37.665,Function,strength,increase,full,,,relative_1RM_2/3,1.15,1.3,0.18,0.19,11,1.11,1.15,0.21,0.17,13
Martinez-Cava et al. (2019),2019,20,22,between,24,176.2,10,12,1,1,T,General,,,,,,0,short,2,1,,machine,No,No,U,0.675,,,4.5,9,,,6.2,27.9,18.8325,37.665,Function,strength,increase,part,,,relative_1RM_1/3,1.47,1.68,0.19,0.15,11,1.5,1.66,0.29,0.2,13
Martinez-Cava et al. (2019),2019,20,23,between,24,176.2,10,12,1,1,T,General,,,,,,0,short,2,1,,machine,No,No,U,0.675,,,4.5,9,,,6.2,27.9,18.8325,37.665,Function,strength,increase,part,,,relative_1RM_1/3,1.47,1.68,0.19,0.15,11,1.47,1.56,0.26,0.26,13
Martinez-Cava et al. (2019),2019,20,22,between,24,176.2,10,12,1,1,T,General,,,,,,0,short,2,1,,machine,No,No,U,0.675,,,4.5,9,,,6.2,27.9,18.8325,37.665,Function,power,increase,full,,,MPV_all_full,0.79,0.9,0.06,0.06,11,0.81,0.88,0.08,0.1,13
Martinez-Cava et al. (2019),2019,20,23,between,24,176.2,10,12,1,1,T,General,,,,,,0,short,2,1,,machine,No,No,U,0.675,,,4.5,9,,,6.2,27.9,18.8325,37.665,Function,power,increase,full,,,MPV_all_full,0.79,0.9,0.06,0.06,11,0.8,0.82,0.07,0.04,13
Martinez-Cava et al. (2019),2019,20,22,between,24,176.2,10,12,1,1,T,General,,,,,,0,short,2,1,,machine,No,No,U,0.675,,,4.5,9,,,6.2,27.9,18.8325,37.665,Function,power,increase,full,,,MPV_<50%1RM_full,1.11,1.24,0.09,0.08,11,1.12,1.2,0.1,0.12,13
Martinez-Cava et al. (2019),2019,20,23,between,24,176.2,10,12,1,1,T,General,,,,,,0,short,2,1,,machine,No,No,U,0.675,,,4.5,9,,,6.2,27.9,18.8325,37.665,Function,power,increase,full,,,MPV_<50%1RM_full,1.11,1.24,0.09,0.08,11,1.13,1.17,0.11,0.06,13
Martinez-Cava et al. (2019),2019,20,22,between,24,176.2,10,12,1,1,T,General,,,,,,0,short,2,1,,machine,No,No,U,0.675,,,4.5,9,,,6.2,27.9,18.8325,37.665,Function,power,increase,full,,,MPV_>50%1RM_full,0.46,0.56,0.06,0.07,11,0.5,0.55,0.07,0.1,13
Martinez-Cava et al. (2019),2019,20,23,between,24,176.2,10,12,1,1,T,General,,,,,,0,short,2,1,,machine,No,No,U,0.675,,,4.5,9,,,6.2,27.9,18.8325,37.665,Function,power,increase,full,,,MPV_>50%1RM_full,0.46,0.56,0.06,0.07,11,0.47,0.48,0.06,0.05,13
Martinez-Cava et al. (2019),2019,20,22,between,24,176.2,10,12,1,1,T,General,,,,,,0,short,2,1,,machine,No,No,U,0.675,,,4.5,9,,,6.2,27.9,18.8325,37.665,Function,power,increase,part,,,MPV_all_2/3,0.72,0.79,0.07,0.09,11,0.73,0.8,0.08,0.09,13
Martinez-Cava et al. (2019),2019,20,23,between,24,176.2,10,12,1,1,T,General,,,,,,0,short,2,1,,machine,No,No,U,0.675,,,4.5,9,,,6.2,27.9,18.8325,37.665,Function,power,increase,full,,,MPV_all_2/3,0.72,0.79,0.07,0.09,11,0.76,0.78,0.05,0.07,13
Martinez-Cava et al. (2019),2019,20,22,between,24,176.2,10,12,1,1,T,General,,,,,,0,short,2,1,,machine,No,No,U,0.675,,,4.5,9,,,6.2,27.9,18.8325,37.665,Function,power,increase,part,,,MPV_<50%1RM_2/3,1,1.09,0.1,0.13,11,1.01,1.1,0.11,0.12,13
Martinez-Cava et al. (2019),2019,20,23,between,24,176.2,10,12,1,1,T,General,,,,,,0,short,2,1,,machine,No,No,U,0.675,,,4.5,9,,,6.2,27.9,18.8325,37.665,Function,power,increase,full,,,MPV_<50%1RM_2/3,1,1.09,0.1,0.13,11,1.05,1.08,0.08,0.08,13
Martinez-Cava et al. (2019),2019,20,22,between,24,176.2,10,12,1,1,T,General,,,,,,0,short,2,1,,machine,No,No,U,0.675,,,4.5,9,,,6.2,27.9,18.8325,37.665,Function,power,increase,part,,,MPV_>50%1RM_2/3,0.44,0.5,0.07,0.09,11,0.45,0.5,0.07,0.08,13
Martinez-Cava et al. (2019),2019,20,23,between,24,176.2,10,12,1,1,T,General,,,,,,0,short,2,1,,machine,No,No,U,0.675,,,4.5,9,,,6.2,27.9,18.8325,37.665,Function,power,increase,full,,,MPV_>50%1RM_2/3,0.44,0.5,0.07,0.09,11,0.46,0.48,0.04,0.07,13
Martinez-Cava et al. (2019),2019,20,22,between,24,176.2,10,12,1,1,T,General,,,,,,0,short,2,1,,machine,No,No,U,0.675,,,4.5,9,,,6.2,27.9,18.8325,37.665,Function,power,increase,part,,,MPV_all_1/3,0.57,0.62,0.07,0.08,11,0.56,0.59,0.06,0.08,13
Martinez-Cava et al. (2019),2019,20,23,between,24,176.2,10,12,1,1,T,General,,,,,,0,short,2,1,,machine,No,No,U,0.675,,,4.5,9,,,6.2,27.9,18.8325,37.665,Function,power,increase,part,,,MPV_all_1/3,0.57,0.62,0.07,0.08,11,0.58,0.61,0.05,0.05,13
Martinez-Cava et al. (2019),2019,20,22,between,24,176.2,10,12,1,1,T,General,,,,,,0,short,2,1,,machine,No,No,U,0.675,,,4.5,9,,,6.2,27.9,18.8325,37.665,Function,power,increase,part,,,MPV_<50%1RM_1/3,0.8,0.87,0.11,0.12,11,0.81,0.84,0.09,0.11,13
Martinez-Cava et al. (2019),2019,20,23,between,24,176.2,10,12,1,1,T,General,,,,,,0,short,2,1,,machine,No,No,U,0.675,,,4.5,9,,,6.2,27.9,18.8325,37.665,Function,power,increase,part,,,MPV_<50%1RM_2/3,0.8,0.87,0.11,0.12,11,0.82,0.86,0.08,0.07,13
Martinez-Cava et al. (2019),2019,20,22,between,24,176.2,10,12,1,1,T,General,,,,,,0,short,2,1,,machine,No,No,U,0.675,,,4.5,9,,,6.2,27.9,18.8325,37.665,Function,power,increase,part,,,MPV_>50%1RM_2/3,0.33,0.37,0.04,0.05,11,0.32,0.35,0.05,0.07,13
Martinez-Cava et al. (2019),2019,20,23,between,24,176.2,10,12,1,1,T,General,,,,,,0,short,2,1,,machine,No,No,U,0.675,,,4.5,9,,,6.2,27.9,18.8325,37.665,Function,power,increase,part,,,MPV_>50%1RM_2/3,0.33,0.37,0.04,0.05,11,0.33,0.35,0.04,0.05,13
Kubo et al. (2019),2019,21,24,between,20.81,172.9,10,12,1,1,RA,General,90,140,0.642857143,0.642857143,1,0,short,2,1,0,free,No,No,L,0.77,,,3,6,,,8.2,24.6,18.942,37.884,Function,strength,increase,none,,,load_used,70.71850394,89.17322835,11.66338583,12.99212598,8,91.18942731,122.907489,15.36343612,13.21585903,9
Kubo et al. (2019),2019,21,24,between,20.81,172.9,10,12,1,1,RA,General,90,140,0.642857143,0.642857143,1,0,short,2,1,0,free,No,No,L,0.77,,,3,6,,,8.2,24.6,18.942,37.884,Function,strength,increase,part,,,half_squat_1RM,,,,,8,,,,,9
Kubo et al. (2019),2019,21,24,between,20.81,172.9,10,12,1,1,RA,General,90,140,0.642857143,0.642857143,1,0,short,2,1,0,free,No,No,L,0.77,,,3,6,,,8.2,24.6,18.942,37.884,Function,strength,increase,full,,,full_squat_1RM,,,,,8,,,,,9
Kubo et al. (2019),2019,21,24,between,20.81,172.9,10,12,1,1,RA,General,90,140,0.642857143,0.642857143,1,0,short,2,1,0,free,No,No,L,0.77,,,3,6,,,8.2,24.6,18.942,37.884,Morphology,muscle_size,increase,none,,,rectus_femoris_volume,291.8,290.9,46.5,39.7,8,286.2,287.3,31.7,38.8,9
Kubo et al. (2019),2019,21,24,between,20.81,172.9,10,12,1,1,RA,General,90,140,0.642857143,0.642857143,1,0,short,2,1,0,free,No,No,L,0.77,,,3,6,,,8.2,24.6,18.942,37.884,Morphology,muscle_size,increase,none,,,vastus_lateralis_volume,639,682.7,95.9,93.1,8,653.9,694.1,71.5,83.3,9
Kubo et al. (2019),2019,21,24,between,20.81,172.9,10,12,1,1,RA,General,90,140,0.642857143,0.642857143,1,0,short,2,1,0,free,No,No,L,0.77,,,3,6,,,8.2,24.6,18.942,37.884,Morphology,muscle_size,increase,none,,,vastus_intermedius_volume,556.3,576,99,94.3,8,499.8,523.8,63.7,63,9
Kubo et al. (2019),2019,21,24,between,20.81,172.9,10,12,1,1,RA,General,90,140,0.642857143,0.642857143,1,0,short,2,1,0,free,No,No,L,0.77,,,3,6,,,8.2,24.6,18.942,37.884,Morphology,muscle_size,increase,none,,,vastus_medialis_volume,480.2,512.5,72.5,72.5,8,457.5,488.1,56,63.1,9
Kubo et al. (2019),2019,21,24,between,20.81,172.9,10,12,1,1,RA,General,90,140,0.642857143,0.642857143,1,0,short,2,1,0,free,No,No,L,0.77,,,3,6,,,8.2,24.6,18.942,37.884,Morphology,muscle_size,increase,none,,,biceps_femoris_short_volume,106.2,106.1,20.2,20.3,8,104.6,105.4,22.2,22.2,9
Kubo et al. (2019),2019,21,24,between,20.81,172.9,10,12,1,1,RA,General,90,140,0.642857143,0.642857143,1,0,short,2,1,0,free,No,No,L,0.77,,,3,6,,,8.2,24.6,18.942,37.884,Morphology,muscle_size,increase,none,,,biceps_femoris_long_volume,194,195.2,29.4,27.7,8,192.3,193.4,31.9,27.3,9
Kubo et al. (2019),2019,21,24,between,20.81,172.9,10,12,1,1,RA,General,90,140,0.642857143,0.642857143,1,0,short,2,1,0,free,No,No,L,0.77,,,3,6,,,8.2,24.6,18.942,37.884,Morphology,muscle_size,increase,none,,,semitendinosus_volume,179.7,182.1,26.9,24.7,8,187.5,186.5,39.4,36.1,9
Kubo et al. (2019),2019,21,24,between,20.81,172.9,10,12,1,1,RA,General,90,140,0.642857143,0.642857143,1,0,short,2,1,0,free,No,No,L,0.77,,,3,6,,,8.2,24.6,18.942,37.884,Morphology,muscle_size,increase,none,,,semimembranosus_volume,237.7,238.2,36.9,39.9,8,214.9,217,31.2,27.8,9
Kubo et al. (2019),2019,21,24,between,20.81,172.9,10,12,1,1,RA,General,90,140,0.642857143,0.642857143,1,0,short,2,1,0,free,No,No,L,0.77,,,3,6,,,8.2,24.6,18.942,37.884,Morphology,muscle_size,increase,none,,,adductor_volume,,,,,8,,,,,9
Kubo et al. (2019),2019,21,24,between,20.81,172.9,10,12,1,1,RA,General,90,140,0.642857143,0.642857143,1,0,short,2,1,0,free,No,No,L,0.77,,,3,6,,,8.2,24.6,18.942,37.884,Morphology,muscle_size,increase,none,,,gluteus_maximus_volume,,,,,8,,,,,9
Pallarés et al. (2020),2020,22,25,between,23,174,10,12,1,1,T,General,,,,0,0,0,short,2,1,,machine,No,No,L,0.7,,,4.5,9,,,6.2,27.9,19.53,39.06,Function,strength,increase,full,,,full_squat_1RM,82.7,96.3,11.2,11.1,12,81.3,89.7,12,11.2,13
Pallarés et al. (2020),2020,22,26,between,23,174,10,12,1,1,T,General,90,,,0.642857143,0,0,short,2,1,,machine,No,No,L,0.7,,,4.5,9,,,6.2,27.9,19.53,39.06,Function,strength,increase,full,,,full_squat_1RM,82.7,96.3,11.2,11.1,12,82.3,84.5,11,9.9,11
Pallarés et al. (2020),2020,22,25,between,23,174,10,12,1,1,T,General,,,,0,0,0,short,2,1,,machine,No,No,L,0.7,,,4.5,9,,,6.2,27.9,19.53,39.06,Function,strength,increase,part,,,partial_squat_1RM,90.6,102.5,10.1,11,12,88.8,100.8,13.1,14.2,13
Pallarés et al. (2020),2020,22,26,between,23,174,10,12,1,1,T,General,90,,,0.642857143,0,0,short,2,1,,machine,No,No,L,0.7,,,4.5,9,,,6.2,27.9,19.53,39.06,Function,strength,increase,full,,,partial_squat_1RM,90.6,102.5,10.1,11,12,89.3,92.5,12.7,10.3,11
Pallarés et al. (2020),2020,22,25,between,23,174,10,12,1,1,T,General,,,,0,0,0,short,2,1,,machine,No,No,L,0.7,,,4.5,9,,,6.2,27.9,19.53,39.06,Function,strength,increase,part,,,half_squat_1RM,124.6,139.4,20.1,18.5,12,121.5,133.8,22.2,20.2,13
Pallarés et al. (2020),2020,22,26,between,23,174,10,12,1,1,T,General,90,,,0.642857143,0,0,short,2,1,,machine,No,No,L,0.7,,,4.5,9,,,6.2,27.9,19.53,39.06,Function,strength,increase,part,,,half_squat_1RM,124.6,139.4,20.1,18.5,12,119.3,127.7,18.5,16.8,11
Pallarés et al. (2020),2020,22,25,between,23,174,10,12,1,1,T,General,,,,0,0,0,short,2,1,,machine,No,No,L,0.7,,,4.5,9,,,6.2,27.9,19.53,39.06,Function,strength,increase,full,,,relative_full_squat_1RM,1.14,1.34,0.1,0.12,12,1.12,1.22,0.16,0.17,13
Pallarés et al. (2020),2020,22,26,between,23,174,10,12,1,1,T,General,90,,,0.642857143,0,0,short,2,1,,machine,No,No,L,0.7,,,4.5,9,,,6.2,27.9,19.53,39.06,Function,strength,increase,full,,,relative_full_squat_1RM,1.14,1.34,0.1,0.12,12,1.15,1.19,0.2,0.19,11
Pallarés et al. (2020),2020,22,25,between,23,174,10,12,1,1,T,General,,,,0,0,0,short,2,1,,machine,No,No,L,0.7,,,4.5,9,,,6.2,27.9,19.53,39.06,Function,strength,increase,part,,,relative_partial_squat_1RM,1.26,1.43,0.14,0.16,12,1.22,1.37,0.2,0.2,13
Pallarés et al. (2020),2020,22,26,between,23,174,10,12,1,1,T,General,90,,,0.642857143,0,0,short,2,1,,machine,No,No,L,0.7,,,4.5,9,,,6.2,27.9,19.53,39.06,Function,strength,increase,full,,,relative_partial_squat_1RM,1.26,1.43,0.14,0.16,12,1.25,1.3,0.23,0.23,11
Pallarés et al. (2020),2020,22,25,between,23,174,10,12,1,1,T,General,,,,0,0,0,short,2,1,,machine,No,No,L,0.7,,,4.5,9,,,6.2,27.9,19.53,39.06,Function,strength,increase,part,,,relative_half_squat_1RM,1.72,1.93,0.18,0.19,12,1.69,1.83,0.39,0.37,13
Pallarés et al. (2020),2020,22,26,between,23,174,10,12,1,1,T,General,90,,,0.642857143,0,0,short,2,1,,machine,No,No,L,0.7,,,4.5,9,,,6.2,27.9,19.53,39.06,Function,strength,increase,part,,,relative_half_squat_1RM,1.72,1.93,0.18,0.19,12,1.68,1.8,0.35,0.38,11
Pallarés et al. (2020),2020,22,25,between,23,174,10,12,1,1,T,General,,,,0,0,0,short,2,1,,machine,No,No,L,0.7,,,4.5,9,,,6.2,27.9,19.53,39.06,Function,power,increase,full,,,MPV_all_full,0.74,0.86,0.05,0.05,12,0.74,0.81,0.06,0.05,13
Pallarés et al. (2020),2020,22,26,between,23,174,10,12,1,1,T,General,90,,,0.642857143,0,0,short,2,1,,machine,No,No,L,0.7,,,4.5,9,,,6.2,27.9,19.53,39.06,Function,power,increase,full,,,MPV_all_full,0.74,0.86,0.05,0.05,12,0.85,0.85,0.24,0.18,11
Pallarés et al. (2020),2020,22,25,between,23,174,10,12,1,1,T,General,,,,0,0,0,short,2,1,,machine,No,No,L,0.7,,,4.5,9,,,6.2,27.9,19.53,39.06,Function,power,increase,part,,,MPV_all_partial,0.73,0.82,0.08,0.06,12,0.74,0.82,0.06,0.05,13
Pallarés et al. (2020),2020,22,26,between,23,174,10,12,1,1,T,General,90,,,0.642857143,0,0,short,2,1,,machine,No,No,L,0.7,,,4.5,9,,,6.2,27.9,19.53,39.06,Function,power,increase,full,,,MPV_all_partial,0.73,0.82,0.08,0.06,12,0.77,0.78,0.1,0.08,11
Pallarés et al. (2020),2020,22,25,between,23,174,10,12,1,1,T,General,,,,0,0,0,short,2,1,,machine,No,No,L,0.7,,,4.5,9,,,6.2,27.9,19.53,39.06,Function,power,increase,part,,,MPV_all_half,0.68,0.75,0.07,0.06,12,0.67,0.72,0.06,0.06,13
Pallarés et al. (2020),2020,22,26,between,23,174,10,12,1,1,T,General,90,,,0.642857143,0,0,short,2,1,,machine,No,No,L,0.7,,,4.5,9,,,6.2,27.9,19.53,39.06,Function,power,increase,part,,,MPV_all_half,0.68,0.75,0.07,0.06,12,0.68,0.71,0.11,0.13,11
Pallarés et al. (2020),2020,22,25,between,23,174,10,12,1,1,T,General,,,,0,0,0,short,2,1,,machine,No,No,L,0.7,,,4.5,9,,,6.2,27.9,19.53,39.06,Function,power,increase,full,,,MPV_<50_full,1.03,1.14,0.08,0.08,12,0.99,1.06,0.08,0.06,13
Pallarés et al. (2020),2020,22,26,between,23,174,10,12,1,1,T,General,90,,,0.642857143,0,0,short,2,1,,machine,No,No,L,0.7,,,4.5,9,,,6.2,27.9,19.53,39.06,Function,power,increase,full,,,MPV_<50_full,1.03,1.14,0.08,0.08,12,0.99,0.99,0.1,0.12,11
Pallarés et al. (2020),2020,22,25,between,23,174,10,12,1,1,T,General,,,,0,0,0,short,2,1,,machine,No,No,L,0.7,,,4.5,9,,,6.2,27.9,19.53,39.06,Function,power,increase,part,,,MPV_<50_partial,0.97,1.07,0.08,0.08,12,0.96,1.03,0.08,0.06,13
Pallarés et al. (2020),2020,22,26,between,23,174,10,12,1,1,T,General,90,,,0.642857143,0,0,short,2,1,,machine,No,No,L,0.7,,,4.5,9,,,6.2,27.9,19.53,39.06,Function,power,increase,full,,,MPV_<50_partial,0.97,1.07,0.08,0.08,12,0.96,0.98,0.1,0.09,11
Pallarés et al. (2020),2020,22,25,between,23,174,10,12,1,1,T,General,,,,0,0,0,short,2,1,,machine,No,No,L,0.7,,,4.5,9,,,6.2,27.9,19.53,39.06,Function,power,increase,part,,,MPV_<50_half,0.92,1.01,0.08,0.07,12,0.86,0.92,0.08,0.08,13
Pallarés et al. (2020),2020,22,26,between,23,174,10,12,1,1,T,General,90,,,0.642857143,0,0,short,2,1,,machine,No,No,L,0.7,,,4.5,9,,,6.2,27.9,19.53,39.06,Function,power,increase,part,,,MPV_<50_half,0.92,1.01,0.08,0.07,12,0.93,0.97,0.1,0.1,11
Pallarés et al. (2020),2020,22,25,between,23,174,10,12,1,1,T,General,,,,0,0,0,short,2,1,,machine,No,No,L,0.7,,,4.5,9,,,6.2,27.9,19.53,39.06,Function,power,increase,full,,,MPV_>50_full,0.5,0.62,0.04,0.06,12,0.5,0.57,0.06,0.07,13
Pallarés et al. (2020),2020,22,26,between,23,174,10,12,1,1,T,General,90,,,0.642857143,0,0,short,2,1,,machine,No,No,L,0.7,,,4.5,9,,,6.2,27.9,19.53,39.06,Function,power,increase,full,,,MPV_>50_full,0.5,0.62,0.04,0.06,12,0.51,0.53,0.06,0.07,11
Pallarés et al. (2020),2020,22,25,between,23,174,10,12,1,1,T,General,,,,0,0,0,short,2,1,,machine,No,No,L,0.7,,,4.5,9,,,6.2,27.9,19.53,39.06,Function,power,increase,part,,,MPV_>50_partial,0.53,0.62,0.05,0.04,12,0.52,0.6,0.04,0.05,13
Pallarés et al. (2020),2020,22,26,between,23,174,10,12,1,1,T,General,90,,,0.642857143,0,0,short,2,1,,machine,No,No,L,0.7,,,4.5,9,,,6.2,27.9,19.53,39.06,Function,power,increase,full,,,MPV_>50_partial,0.53,0.62,0.05,0.04,12,0.53,0.55,0.07,0.07,11
Pallarés et al. (2020),2020,22,25,between,23,174,10,12,1,1,T,General,,,,0,0,0,short,2,1,,machine,No,No,L,0.7,,,4.5,9,,,6.2,27.9,19.53,39.06,Function,power,increase,part,,,MPV_>50_half,0.49,0.55,0.06,0.06,12,0.52,0.57,0.04,0.07,13
Pallarés et al. (2020),2020,22,26,between,23,174,10,12,1,1,T,General,90,,,0.642857143,0,0,short,2,1,,machine,No,No,L,0.7,,,4.5,9,,,6.2,27.9,19.53,39.06,Function,power,increase,part,,,MPV_>50_half,0.49,0.55,0.06,0.06,12,0.5,0.54,0.07,0.06,11
Pallarés et al. (2020),2020,22,25,between,23,174,10,12,1,1,T,General,,,,0,0,0,short,2,1,,machine,No,No,L,0.7,,,4.5,9,,,6.2,27.9,19.53,39.06,Function,power,increase,none,,,WGT_peak,1035,1103,185,200,12,855,906,323,338,13
Pallarés et al. (2020),2020,22,26,between,23,174,10,12,1,1,T,General,90,,,0.642857143,0,0,short,2,1,,machine,No,No,L,0.7,,,4.5,9,,,6.2,27.9,19.53,39.06,Function,power,increase,none,,,WGT_peak,1035,1103,185,200,12,996,984,121,103,11
Pallarés et al. (2020),2020,22,25,between,23,174,10,12,1,1,T,General,,,,0,0,0,short,2,1,,machine,No,No,L,0.7,,,4.5,9,,,6.2,27.9,19.53,39.06,Function,power,increase,none,,,WGT_mean,677,707,84,72,12,643,667,79,75,13
Pallarés et al. (2020),2020,22,26,between,23,174,10,12,1,1,T,General,90,,,0.642857143,0,0,short,2,1,,machine,No,No,L,0.7,,,4.5,9,,,6.2,27.9,19.53,39.06,Function,power,increase,none,,,WGT_mean,677,707,84,72,12,650,656,211,59,11
Pallarés et al. (2020),2020,22,25,between,23,174,10,12,1,1,T,General,,,,0,0,0,short,2,1,,machine,No,No,L,0.7,,,4.5,9,,,6.2,27.9,19.53,39.06,Function,sport,increase,none,,,CMJ_height,35.8,40.4,5.3,5.5,12,34,37.1,5.6,5.5,13
Pallarés et al. (2020),2020,22,26,between,23,174,10,12,1,1,T,General,90,,,0.642857143,0,0,short,2,1,,machine,No,No,L,0.7,,,4.5,9,,,6.2,27.9,19.53,39.06,Function,sport,increase,none,,,CMJ_height,35.8,40.4,5.3,5.5,12,33.9,35.7,6.6,6.3,11
Pallarés et al. (2020),2020,22,25,between,23,174,10,12,1,1,T,General,,,,0,0,0,short,2,1,,machine,No,No,L,0.7,,,4.5,9,,,6.2,27.9,19.53,39.06,Function,sport,decrease,none,,,20m_sprint_time,2.95,2.88,0.14,0.15,12,2.96,2.93,0.11,0.09,13
Pallarés et al. (2020),2020,22,26,between,23,174,10,12,1,1,T,General,90,,,0.642857143,0,0,short,2,1,,machine,No,No,L,0.7,,,4.5,9,,,6.2,27.9,19.53,39.06,Function,sport,decrease,none,,,20m_sprint_time,2.95,2.88,0.14,0.15,12,2.94,2.94,0.09,0.09,11
Sadacharan & Seo (2021),2021,23,27,within,24.5,176.4,3,8,1,0.412,RA,General,60,,,,,0,long,2,4,,free,No,No,,0.25,,,5,10,,,10,50,12.5,25,Function,strength,increase,none,,,MVIC_elbow_flexors,42,52,6.930693069,7.128712871,34,37.03,42,6.930693069,6.930693069,34
Sadacharan & Seo (2021),2021,23,27,within,24.5,176.4,3,8,1,0.412,RA,General,60,,,,,0,long,2,4,,free,No,No,,0.25,,,5,10,,,10,50,12.5,25,Function,strength,increase,none,,,MVIC_elbow_extensors,35.55,43.58,6.79245283,7.452830189,34,31.28,35.55,6.132075472,6.79245283,34
Sadacharan & Seo (2021),2021,23,27,within,24.5,176.4,3,8,1,0.412,RA,General,60,,,,,0,long,2,4,,free,No,No,,0.25,,,5,10,,,10,50,12.5,25,Function,strength,increase,none,,,MVIC_knee_flexors,47.21,55.09,4.761904762,4.571428571,34,42.33,47.21,3.619047619,4.761904762,34
Sadacharan & Seo (2021),2021,23,27,within,24.5,176.4,3,8,1,0.412,RA,General,60,,,,,0,long,2,4,,free,No,No,,0.25,,,5,10,,,10,50,12.5,25,Function,strength,increase,none,,,MVIC_knee_extensors,37.02,43.77,4.824120603,4.422110553,34,33.32,37.02,5.025125628,4.824120603,34
Werkhausen et al. (2021),2021,24,28,within,25,176,10,12,1,1,T,General,9,79,0.113924051,,,0,long,3,1,2,machine,No,No,L,0.8527262,,,4.5,13.5,,,6,27,23.0236074,69.0708222,Function,strength,increase,full,,,peak_force,918.9,1017.5,264.8,260.2,15,917,1019.4,241.4,259.6,15
Werkhausen et al. (2021),2021,24,28,within,25,176,10,12,1,1,T,General,9,79,0.113924051,,,0,long,3,1,2,machine,No,No,L,0.8527262,,,4.5,13.5,,,6,27,23.0236074,69.0708222,Function,power,increase,full,,,peak_power,604,664.7,197.7,179,15,588.6,657.8,182.1,192.2,15
Werkhausen et al. (2021),2021,24,28,within,25,176,10,12,1,1,T,General,9,79,0.113924051,,,0,long,3,1,2,machine,No,No,L,0.8527262,,,4.5,13.5,,,6,27,23.0236074,69.0708222,Function,power,increase,full,,,peak_velocity,1.91,1.94,0.2,0.13,15,1.88,1.92,0.22,0.18,15
Werkhausen et al. (2021),2021,24,28,within,25,176,10,12,1,1,T,General,9,79,0.113924051,,,0,long,3,1,2,machine,No,No,L,0.8527262,,,4.5,13.5,,,6,27,23.0236074,69.0708222,Function,strength,increase,full,,,peak_torque_30,198.9,201.3,63.2,66.1,15,196.8,202.6,66.3,66.4,15
Werkhausen et al. (2021),2021,24,28,within,25,176,10,12,1,1,T,General,9,79,0.113924051,,,0,long,3,1,2,machine,No,No,L,0.8527262,,,4.5,13.5,,,6,27,23.0236074,69.0708222,Function,strength,increase,full,,,peak_torque_60,187.1,188.6,50.5,53.4,15,180.9,189.7,58,57.3,15
Werkhausen et al. (2021),2021,24,28,within,25,176,10,12,1,1,T,General,9,79,0.113924051,,,0,long,3,1,2,machine,No,No,L,0.8527262,,,4.5,13.5,,,6,27,23.0236074,69.0708222,Function,strength,increase,full,,,peak_torque_180,133.1,140.3,36.6,41,15,132.1,138.9,36.3,41.9,15
Werkhausen et al. (2021),2021,24,28,within,25,176,10,12,1,1,T,General,9,79,0.113924051,,,0,long,3,1,2,machine,No,No,L,0.8527262,,,4.5,13.5,,,6,27,23.0236074,69.0708222,Function,strength,increase,full,,,peak_torque_300,98.1,103.7,28.4,30.2,15,97.4,101.8,28.1,31.2,15
Werkhausen et al. (2021),2021,24,28,within,25,176,10,12,1,1,T,General,9,79,0.113924051,,,0,long,3,1,2,machine,No,No,L,0.8527262,,,4.5,13.5,,,6,27,23.0236074,69.0708222,Function,power,increase,full,,,RTD_50,64.2,86.3,20.7,26.4,15,60.9,87.8,17.7,23,15
Werkhausen et al. (2021),2021,24,28,within,25,176,10,12,1,1,T,General,9,79,0.113924051,,,0,long,3,1,2,machine,No,No,L,0.8527262,,,4.5,13.5,,,6,27,23.0236074,69.0708222,Function,power,increase,full,,,RTD_100,124,159.2,34.9,34.5,15,118,165.1,28.1,38.4,15
Werkhausen et al. (2021),2021,24,28,within,25,176,10,12,1,1,T,General,9,79,0.113924051,,,0,long,3,1,2,machine,No,No,L,0.8527262,,,4.5,13.5,,,6,27,23.0236074,69.0708222,Function,power,increase,full,,,RTD_150,155,196.7,40.4,38.8,15,151.1,208,37.3,45.4,15
Werkhausen et al. (2021),2021,24,28,within,25,176,10,12,1,1,T,General,9,79,0.113924051,,,0,long,3,1,2,machine,No,No,L,0.8527262,,,4.5,13.5,,,6,27,23.0236074,69.0708222,Function,strength,increase,full,,,stim_peak_torque,187.1,188.6,50.5,53.4,15,180.9,189.7,58,57.3,15
Werkhausen et al. (2021),2021,24,28,within,25,176,10,12,1,1,T,General,9,79,0.113924051,,,0,long,3,1,2,machine,No,No,L,0.8527262,,,4.5,13.5,,,6,27,23.0236074,69.0708222,Function,strength,increase,full,,,stim_50_torque,41.8,56.5,13.5,17.4,15,42.5,55.4,14.6,20.2,15
Werkhausen et al. (2021),2021,24,28,within,25,176,10,12,1,1,T,General,9,79,0.113924051,,,0,long,3,1,2,machine,No,No,L,0.8527262,,,4.5,13.5,,,6,27,23.0236074,69.0708222,Morphology,muscle_size,increase,none,,,vastus_lateralis_thickness,26.1,25.5,3.9,3.6,15,25.5,25.2,3.5,2.9,15
Pedrosa et al. (2021),2021,25,29,between,22.7,161,12,14,1,0,S,General,35,70,0.5,,,0,long,3,1,,machine,No,No,L,0.6,4,28,4.5,13.5,126,10.8,7,31.5,18.9,56.7,Function,strength,increase,part,,,initial_rom_1RM,42.84,49.42,7.109880449,7.17153633,9,43.47333333,55.95333333,8.623332689,11.21856497,9
Pedrosa et al. (2021),2021,25,30,between,22.7,161,12,14,1,0,S,General,35,70,0.5,,,0,short,3,1,,machine,No,No,L,0.6,4,28,4.5,13.5,126,10.8,7,31.5,18.9,56.7,Function,strength,increase,part,,,initial_rom_1RM,42.84,49.42,7.109880449,7.17153633,9,38.84444444,41.61333333,8.219320209,7.236500075,9
Pedrosa et al. (2021),2021,25,31,between,22.7,161,12,14,1,0,S,General,35,70,0.5,,,0,,3,1,,machine,No,No,L,0.6,4,28,4.5,13.5,126,10.8,7,31.5,18.9,56.7,Function,strength,increase,part,,,initial_rom_1RM,42.84,49.42,7.109880449,7.17153633,9,43.20666667,56.34888889,9.406919439,13.06316658,9
Pedrosa et al. (2021),2021,25,29,between,22.7,161,12,14,1,0,S,General,35,70,0.5,,,0,long,3,1,,machine,No,No,L,0.6,4,28,4.5,13.5,126,10.8,7,31.5,18.9,56.7,Function,strength,increase,part,,,final_rom_1RM,43.41777778,48.44222222,10.49661298,10.48398862,9,42.78666667,49.34111111,6.34401205,8.214840831,9
Pedrosa et al. (2021),2021,25,30,between,22.7,161,12,14,1,0,S,General,35,70,0.5,,,0,short,3,1,,machine,No,No,L,0.6,4,28,4.5,13.5,126,10.8,7,31.5,18.9,56.7,Function,strength,increase,part,,,final_rom_1RM,43.41777778,48.44222222,10.49661298,10.48398862,9,40.04888889,47.83444444,8.328297738,8.320892195,9
Pedrosa et al. (2021),2021,25,31,between,22.7,161,12,14,1,0,S,General,35,70,0.5,,,0,,3,1,,machine,No,No,L,0.6,4,28,4.5,13.5,126,10.8,7,31.5,18.9,56.7,Function,strength,increase,part,,,final_rom_1RM,43.41777778,48.44222222,10.49661298,10.48398862,9,44.63555556,52.52,10.16444687,10.13307894,9
Pedrosa et al. (2021),2021,25,29,between,22.7,161,12,14,1,0,S,General,35,70,0.5,,,0,long,3,1,,machine,No,No,L,0.6,4,28,4.5,13.5,126,10.8,7,31.5,18.9,56.7,Function,strength,increase,full,,,full_rom_1RM,38.96,45.73111111,7.077048977,6.954917436,9,39.74666667,46.83,8.493762417,9.435625163,9
Pedrosa et al. (2021),2021,25,30,between,22.7,161,12,14,1,0,S,General,35,70,0.5,,,0,short,3,1,,machine,No,No,L,0.6,4,28,4.5,13.5,126,10.8,7,31.5,18.9,56.7,Function,strength,increase,full,,,full_rom_1RM,38.96,45.73111111,7.077048977,6.954917436,9,35.42,38.16144444,8.097406992,5.636555195,9
Pedrosa et al. (2021),2021,25,31,between,22.7,161,12,14,1,0,S,General,35,70,0.5,,,0,,3,1,,machine,No,No,L,0.6,4,28,4.5,13.5,126,10.8,7,31.5,18.9,56.7,Function,strength,increase,full,,,full_rom_1RM,38.96,45.73111111,7.077048977,6.954917436,9,38.39555556,47.55777778,8.979753908,10.82945959,9
Pedrosa et al. (2021),2021,25,29,between,22.7,161,12,14,1,0,S,General,35,70,0.5,,,0,long,3,1,,machine,No,No,L,0.6,4,28,4.5,13.5,126,10.8,7,31.5,18.9,56.7,Morphology,muscle_size,increase,none,0.4,proximal,RF_40_CSA,7.456666667,8.184111111,2.010728086,2.173868654,9,7.8,9.433333333,2.346794543,2.766847789,9
Pedrosa et al. (2021),2021,25,30,between,22.7,161,12,14,1,0,S,General,35,70,0.5,,,0,short,3,1,,machine,No,No,L,0.6,4,28,4.5,13.5,126,10.8,7,31.5,18.9,56.7,Morphology,muscle_size,increase,none,0.4,proximal,RF_40_CSA,7.456666667,8.184111111,2.010728086,2.173868654,9,7.899166667,8.668444444,2.774591761,3.237717651,9
Pedrosa et al. (2021),2021,25,31,between,22.7,161,12,14,1,0,S,General,35,70,0.5,,,0,,3,1,,machine,No,No,L,0.6,4,28,4.5,13.5,126,10.8,7,31.5,18.9,56.7,Morphology,muscle_size,increase,none,0.4,proximal,RF_40_CSA,7.456666667,8.184111111,2.010728086,2.173868654,9,8.168,9.545833333,2.572341554,2.703484424,9
Pedrosa et al. (2021),2021,25,29,between,22.7,161,12,14,1,0,S,General,35,70,0.5,,,0,long,3,1,,machine,No,No,L,0.6,4,28,4.5,13.5,126,10.8,7,31.5,18.9,56.7,Morphology,muscle_size,increase,none,0.5,proximal,RF_50_CSA,5.754333333,6.5025,1.606773689,1.971998796,9,5.793555556,7.232888889,1.882705009,1.854051792,9
Pedrosa et al. (2021),2021,25,30,between,22.7,161,12,14,1,0,S,General,35,70,0.5,,,0,short,3,1,,machine,No,No,L,0.6,4,28,4.5,13.5,126,10.8,7,31.5,18.9,56.7,Morphology,muscle_size,increase,none,0.5,proximal,RF_50_CSA,5.754333333,6.5025,1.606773689,1.971998796,9,5.852,6.457222222,2.315873566,2.997133788,9
Pedrosa et al. (2021),2021,25,31,between,22.7,161,12,14,1,0,S,General,35,70,0.5,,,0,,3,1,,machine,No,No,L,0.6,4,28,4.5,13.5,126,10.8,7,31.5,18.9,56.7,Morphology,muscle_size,increase,none,0.5,proximal,RF_50_CSA,5.754333333,6.5025,1.606773689,1.971998796,9,6.184444444,7.400166667,2.058565137,2.229363202,9
Pedrosa et al. (2021),2021,25,29,between,22.7,161,12,14,1,0,S,General,35,70,0.5,,,0,long,3,1,,machine,No,No,L,0.6,4,28,4.5,13.5,126,10.8,7,31.5,18.9,56.7,Morphology,muscle_size,increase,none,0.6,distal,RF_60_CSA,3.621222222,4.290277778,1.142695254,1.52330131,9,3.655166667,4.454388889,1.188552612,1.250311931,9
Pedrosa et al. (2021),2021,25,30,between,22.7,161,12,14,1,0,S,General,35,70,0.5,,,0,short,3,1,,machine,No,No,L,0.6,4,28,4.5,13.5,126,10.8,7,31.5,18.9,56.7,Morphology,muscle_size,increase,none,0.6,distal,RF_60_CSA,3.621222222,4.290277778,1.142695254,1.52330131,9,3.621944444,3.954277778,1.55281282,1.961059425,9
Pedrosa et al. (2021),2021,25,31,between,22.7,161,12,14,1,0,S,General,35,70,0.5,,,0,,3,1,,machine,No,No,L,0.6,4,28,4.5,13.5,126,10.8,7,31.5,18.9,56.7,Morphology,muscle_size,increase,none,0.6,distal,RF_60_CSA,3.621222222,4.290277778,1.142695254,1.52330131,9,3.974055556,4.909333333,1.615821638,1.996559459,9
Pedrosa et al. (2021),2021,25,29,between,22.7,161,12,14,1,0,S,General,35,70,0.5,,,0,long,3,1,,machine,No,No,L,0.6,4,28,4.5,13.5,126,10.8,7,31.5,18.9,56.7,Morphology,muscle_size,increase,none,0.7,distal,RF_70_CSA,1.812344444,2.127994444,0.933750123,1.206336101,9,1.257166667,1.635444444,0.528539852,0.698375814,9
Pedrosa et al. (2021),2021,25,30,between,22.7,161,12,14,1,0,S,General,35,70,0.5,,,0,short,3,1,,machine,No,No,L,0.6,4,28,4.5,13.5,126,10.8,7,31.5,18.9,56.7,Morphology,muscle_size,increase,none,0.7,distal,RF_70_CSA,1.812344444,2.127994444,0.933750123,1.206336101,9,1.648277778,1.667,0.934987771,1.155042856,9
Pedrosa et al. (2021),2021,25,31,between,22.7,161,12,14,1,0,S,General,35,70,0.5,,,0,,3,1,,machine,No,No,L,0.6,4,28,4.5,13.5,126,10.8,7,31.5,18.9,56.7,Morphology,muscle_size,increase,none,0.7,distal,RF_70_CSA,1.812344444,2.127994444,0.933750123,1.206336101,9,1.857777778,2.259055556,0.954154441,1.046048747,9
Pedrosa et al. (2021),2021,25,29,between,22.7,161,12,14,1,0,S,General,35,70,0.5,,,0,long,3,1,,machine,No,No,L,0.6,4,28,4.5,13.5,126,10.8,7,31.5,18.9,56.7,Morphology,muscle_size,increase,none,0.4,proximal,VL_40_CSA,13.37605556,15.44177778,2.72288478,3.110858745,9,16.20272222,18.1655,3.320489329,3.413416718,9
Pedrosa et al. (2021),2021,25,30,between,22.7,161,12,14,1,0,S,General,35,70,0.5,,,0,short,3,1,,machine,No,No,L,0.6,4,28,4.5,13.5,126,10.8,7,31.5,18.9,56.7,Morphology,muscle_size,increase,none,0.4,proximal,VL_40_CSA,13.37605556,15.44177778,2.72288478,3.110858745,9,15.08327778,17.27688889,3.178919776,2.237924049,9
Pedrosa et al. (2021),2021,25,31,between,22.7,161,12,14,1,0,S,General,35,70,0.5,,,0,,3,1,,machine,No,No,L,0.6,4,28,4.5,13.5,126,10.8,7,31.5,18.9,56.7,Morphology,muscle_size,increase,none,0.4,proximal,VL_40_CSA,13.37605556,15.44177778,2.72288478,3.110858745,9,15.87622222,18.80177778,2.905033725,3.043167142,9
Pedrosa et al. (2021),2021,25,29,between,22.7,161,12,14,1,0,S,General,35,70,0.5,,,0,long,3,1,,machine,No,No,L,0.6,4,28,4.5,13.5,126,10.8,7,31.5,18.9,56.7,Morphology,muscle_size,increase,none,0.5,proximal,VL_50_CSA,14.48216667,16.2845,3.69523433,3.612733556,9,16.40005556,19.01527778,3.024874878,3.703902858,9
Pedrosa et al. (2021),2021,25,30,between,22.7,161,12,14,1,0,S,General,35,70,0.5,,,0,short,3,1,,machine,No,No,L,0.6,4,28,4.5,13.5,126,10.8,7,31.5,18.9,56.7,Morphology,muscle_size,increase,none,0.5,proximal,VL_50_CSA,14.48216667,16.2845,3.69523433,3.612733556,9,15.97677778,17.44327778,3.328600354,2.744517525,9
Pedrosa et al. (2021),2021,25,31,between,22.7,161,12,14,1,0,S,General,35,70,0.5,,,0,,3,1,,machine,No,No,L,0.6,4,28,4.5,13.5,126,10.8,7,31.5,18.9,56.7,Morphology,muscle_size,increase,none,0.5,proximal,VL_50_CSA,14.48216667,16.2845,3.69523433,3.612733556,9,16.7905,19.39472222,3.233704039,3.53176875,9
Pedrosa et al. (2021),2021,25,29,between,22.7,161,12,14,1,0,S,General,35,70,0.5,,,0,long,3,1,,machine,No,No,L,0.6,4,28,4.5,13.5,126,10.8,7,31.5,18.9,56.7,Morphology,muscle_size,increase,none,0.6,distal,VL_60_CSA,12.9375,14.32366667,3.595717331,3.513143535,9,13.96555556,16.03127778,3.249742398,3.673360171,9
Pedrosa et al. (2021),2021,25,30,between,22.7,161,12,14,1,0,S,General,35,70,0.5,,,0,short,3,1,,machine,No,No,L,0.6,4,28,4.5,13.5,126,10.8,7,31.5,18.9,56.7,Morphology,muscle_size,increase,none,0.6,distal,VL_60_CSA,12.9375,14.32366667,3.595717331,3.513143535,9,13.87416667,14.53766667,4.382314543,3.988792949,9
Pedrosa et al. (2021),2021,25,31,between,22.7,161,12,14,1,0,S,General,35,70,0.5,,,0,,3,1,,machine,No,No,L,0.6,4,28,4.5,13.5,126,10.8,7,31.5,18.9,56.7,Morphology,muscle_size,increase,none,0.6,distal,VL_60_CSA,12.9375,14.32366667,3.595717331,3.513143535,9,14.41994444,16.26244444,2.975733517,3.022303617,9
Pedrosa et al. (2021),2021,25,29,between,22.7,161,12,14,1,0,S,General,35,70,0.5,,,0,long,3,1,,machine,No,No,L,0.6,4,28,4.5,13.5,126,10.8,7,31.5,18.9,56.7,Morphology,muscle_size,increase,none,0.7,distal,VL_70_CSA,9.138944444,10.0695,2.823516673,3.089212248,9,9.155111111,10.59122222,3.179052304,3.194366527,9
Pedrosa et al. (2021),2021,25,30,between,22.7,161,12,14,1,0,S,General,35,70,0.5,,,0,short,3,1,,machine,No,No,L,0.6,4,28,4.5,13.5,126,10.8,7,31.5,18.9,56.7,Morphology,muscle_size,increase,none,0.7,distal,VL_70_CSA,9.138944444,10.0695,2.823516673,3.089212248,9,10.15877778,10.26816667,3.145010563,3.098078437,9
Pedrosa et al. (2021),2021,25,31,between,22.7,161,12,14,1,0,S,General,35,70,0.5,,,0,,3,1,,machine,No,No,L,0.6,4,28,4.5,13.5,126,10.8,7,31.5,18.9,56.7,Morphology,muscle_size,increase,none,0.7,distal,VL_70_CSA,9.138944444,10.0695,2.823516673,3.089212248,9,10.15972222,11.37572222,2.537682076,2.660598254,9
Whaley et al. (2020),2020,26,32,between,17.4,175,7,7,0.86,1,T,General,,,,,,0,short,3,1,0.5,free,No,No,L,0.83,,,3.1,9.3,,,5.1,15.8,13.1,39.3,Function,strength,increase,full,,,full_squat_1RM,91.3,102.3,23.3,19.4,15,96,110.6,37.8,37,21
Whaley et al. (2020),2020,26,32,between,17.4,175,7,7,0.86,1,T,General,,,,,,0,short,3,1,0.5,free,No,No,L,0.83,,,3.1,9.3,,,5.1,15.8,13.1,39.3,Function,sport,increase,none,,,vertical_jump_height,59.3,60.7,9.8,10.6,15,55.8,59.4,8,9.5,21
Whaley et al. (2020),2020,26,32,between,17.4,175,7,7,0.86,1,T,General,,,,,,0,short,3,1,0.5,free,No,No,L,0.83,,,3.1,9.3,,,5.1,15.8,13.1,39.3,Function,Power,increase,none,,,Power_Output,1359.3,1397.1,203.9,221.8,15,1365.8,1417.2,410.7,394.7,21
Kassiano et al. (2022),2022,27,34,between,,,8,9,1,0,S,General,25,50,0.5,,,0,long,3,1,0,machine,No,No,L,0.685,3,51,3,9,153,36.99,18,54,665.82,1997.46,Morphology,muscle_size,increase,none,0.334,proximal,medial_gastroc_thickness,1.65,1.76,0.29,0.3,14,1.58,1.82,0.26,0.27,12
Kassiano et al. (2022),2022,27,35,between,,,8,9,1,0,S,General,25,50,0.5,,,0,short,3,1,0,machine,No,No,L,0.685,3,51,3,9,153,36.99,18,54,665.82,1997.46,Morphology,muscle_size,increase,none,0.334,proximal,medial_gastroc_thickness,1.65,1.76,0.29,0.3,14,1.75,1.81,0.27,0.29,16
Kassiano et al. (2022),2022,27,34,between,,,8,9,1,0,S,General,25,50,0.5,,,0,long,3,1,0,machine,No,No,L,0.685,3,51,3,9,153,36.99,18,54,665.82,1997.46,Morphology,muscle_size,increase,none,0.334,proximal,lateral_gastroc_thickness,1.65,1.77,0.32,0.34,14,1.61,1.85,0.29,0.34,12
Kassiano et al. (2022),2022,27,35,between,,,8,9,1,0,S,General,25,50,0.5,,,0,short,3,1,0,machine,No,No,L,0.685,3,51,3,9,153,36.99,18,54,665.82,1997.46,Morphology,muscle_size,increase,none,0.334,proximal,lateral_gastroc_thickness,1.65,1.77,0.32,0.34,14,1.62,1.72,0.27,0.25,16
"Wolf et al., Study 4",2023,28,36,within,,,,,,,,,,,,,,,,,,,,,,,,,,,,,,,,,,,muscle_size,increase,none,0.2,proximal,,1.91,1.9,0.3,0.33,17,1.8,1.85,0.29,0.32,17
"Wolf et al., Study 4",2023,28,36,within,,,,,,,,,,,,,,,,,,,,,,,,,,,,,,,,,,,muscle_size,increase,none,0.3,proximal,,1.8,1.9,0.33,0.34,17,1.7,1.8,0.19,0.29,17
"Wolf et al., Study 4",2023,28,36,within,,,,,,,,,,,,,,,,,,,,,,,,,,,,,,,,,,,muscle_size,increase,none,0.4,proximal,,1.24,1.19,0.34,0.35,17,1.19,1.16,0.4,0.37,17
"Wolf et al., Study 4",2023,28,36,within,,,,,,,,,,,,,,,,,,,,,,,,,,,,,,,,,,,muscle_size,increase,none,0.5,,,0.45,0.26,0.42,0.13,17,0.42,0.26,0.32,0.16,17
"Wolf et al., Study 4",2023,28,36,within,,,,,,,,,,,,,,,,,,,,,,,,,,,,,,,,,,,muscle_size,increase,none,0.2,proximal,,2.1,2.17,0.29,0.31,17,2.11,2.18,0.35,0.35,17
"Wolf et al., Study 4",2023,28,36,within,,,,,,,,,,,,,,,,,,,,,,,,,,,,,,,,,,,muscle_size,increase,none,0.3,proximal,,2,2.09,0.34,0.29,17,2.04,2.08,0.34,0.27,17
"Wolf et al., Study 4",2023,28,36,within,,,,,,,,,,,,,,,,,,,,,,,,,,,,,,,,,,,muscle_size,increase,none,0.4,proximal,,1.66,1.74,0.35,0.33,17,1.69,1.73,0.38,0.48,17
"Wolf et al., Study 4",2023,28,36,within,,,,,,,,,,,,,,,,,,,,,,,,,,,,,,,,,,,muscle_size,increase,none,0.5,,,0.81,0.91,0.37,0.4,17,0.84,0.81,0.39,0.4,17
"Wolf et al., Study 4",2023,28,36,within,,,,,,,,,,,,,,,,,,,,,,,,,,,,,,,,,,,muscle_size,increase,none,0.2,proximal,,1.56,1.59,0.24,0.31,17,1.64,1.61,0.18,0.27,17
"Wolf et al., Study 4",2023,28,36,within,,,,,,,,,,,,,,,,,,,,,,,,,,,,,,,,,,,muscle_size,increase,none,0.3,proximal,,1.7,1.76,0.29,0.4,17,1.63,1.75,0.25,0.41,17
"Wolf et al., Study 4",2023,28,36,within,,,,,,,,,,,,,,,,,,,,,,,,,,,,,,,,,,,muscle_size,increase,none,0.4,proximal,,1.7,1.74,0.35,0.46,17,1.69,1.85,0.34,0.42,17
"Wolf et al., Study 4",2023,28,36,within,,,,,,,,,,,,,,,,,,,,,,,,,,,,,,,,,,,muscle_size,increase,none,0.5,,,1.7,1.94,0.36,0.42,17,1.75,1.81,0.44,0.38,17
"Wolf et al., Study 4",2023,28,36,within,,,,,,,,,,,,,,,,,,,,,,,,,,,,,,,,,,,strength,increase,part,,,,92.47,114.57,33.7,36.49,17,82.76,120.9,29.95,39.49,17
"Wolf et al., Study 4",2023,28,36,within,,,,,,,,,,,,,,,,,,,,,,,,,,,,,,,,,,,strength,increase,part,,,,111.53,169.96,44.62,52.86,17,93.2,172.61,37.32,55.6,17
"Wolf et al., Study 4",2023,28,36,within,,,,,,,,,,,,,,,,,,,,,,,,,,,,,,,,,,,strength,increase,full,,,,95.73,125.71,30,41.48,17,91.51,127.76,34.23,42.74,17
"Wolf et al., Study 4",2023,28,36,within,,,,,,,,,,,,,,,,,,,,,,,,,,,,,,,,,,,strength,increase,full,,,,130.67,231.37,59.32,79.68,17,125.92,231.25,50.52,84.46,17
"Wolf et al., Study 5",2023,29,37,between,,,,,,,,,,,,,,,long,,,,,,,,,,,,,,,,,,,,body_fat,decrease,none,,,,21.8125,23.96666667,8.260586642,9.401374013,4,13.03333333,12.88333333,4.066427589,3.522191553,3
"Wolf et al., Study 5",2023,29,37,between,,,,,,,,,,,,,,,long,,,,,,,,,,,,,,,,,,,,muscle_size,increase,none,,,,61.6125,63.48333333,10.54406429,14.38196208,4,78.2,80.16666667,11.65407654,11.85119544,3
"Wolf et al., Study 5",2023,29,37,between,,,,,,,,,,,,,,,long,,,,,,,,,,,,,,,,,,,,body_fat,decrease,none,,,,17,19.3,6.226689864,5.83030874,4,11.66666667,11.85,3.775027594,3.367862824,3
"Wolf et al., Study 5",2023,29,37,between,,,,,,,,,,,,,,,long,,,,,,,,,,,,,,,,,,,,muscle_size,increase,none,0.4,proximal,,5.56,5.621666667,0.676646141,1.200545015,4,5.508333333,5.728333333,0.974452838,0.614661153,3
"Wolf et al., Study 5",2023,29,37,between,,,,,,,,,,,,,,,long,,,,,,,,,,,,,,,,,,,,muscle_size,increase,none,0.5,,,5.52875,5.483333333,1.613125202,1.418910967,4,4.795,5.54,1.150097822,0.794402291,3
"Wolf et al., Study 5",2023,29,37,between,,,,,,,,,,,,,,,long,,,,,,,,,,,,,,,,,,,,muscle_size,increase,none,0.6,distal,,4.835,4.286666667,1.050285675,1.51377288,4,4.378333333,4.848333333,0.963980463,0.966725573,3
"Wolf et al., Study 5",2023,29,37,between,,,,,,,,,,,,,,,long,,,,,,,,,,,,,,,,,,,,muscle_size,increase,none,0.7,distal,,3.28375,3.358333333,1.76931896,1.397536523,4,4.083333333,4.015,0.802688192,0.813157426,3
"Wolf et al., Study 5",2023,29,37,between,,,,,,,,,,,,,,,long,,,,,,,,,,,,,,,,,,,,muscle_size,increase,none,0.4,proximal,,3.17625,3.493333333,0.897286418,0.916574238,4,3.703333333,2.975,0.243943299,0.451331364,3
"Wolf et al., Study 5",2023,29,37,between,,,,,,,,,,,,,,,long,,,,,,,,,,,,,,,,,,,,muscle_size,increase,none,0.5,,,3.35375,3.996666667,0.286396433,1.107523514,4,3.661666667,3.94,0.458839115,0.622635527,3
"Wolf et al., Study 5",2023,29,37,between,,,,,,,,,,,,,,,long,,,,,,,,,,,,,,,,,,,,muscle_size,increase,none,0.6,distal,,4.0025,4.495,0.573708695,1.353670935,4,3.986666667,3.921666667,0.411835323,0.531374005,3
"Wolf et al., Study 5",2023,29,37,between,,,,,,,,,,,,,,,long,,,,,,,,,,,,,,,,,,,,muscle_size,increase,none,0.7,distal,,4.1775,4.921666667,1.019938724,1.318041476,4,4.603333333,4.538333333,0.060069404,0.251064401,3
"Wolf et al., Study 5",2023,29,37,between,,,,,,,,,,,,,,,long,,,,,,,,,,,,,,,,,,,,strength,increase,full,,,,30.14596157,41.13275071,10.56473461,12.20712661,4,34.75100294,39.09221066,15.1662093,13.13343903,3
"Wolf et al., Study 5",2023,29,37,between,,,,,,,,,,,,,,,long,,,,,,,,,,,,,,,,,,,,strength,increase,full,,,,8.325695725,11.80265158,4.575454033,4.572687967,4,12.59077248,17.55345045,2.815384821,0.70012427,3
"Wolf et al., Study 5",2023,29,37,between,,,,,,,,,,,,,,,long,,,,,,,,,,,,,,,,,,,,strength,increase,full,,,,53.78635593,62.47655301,37.66476977,48.18607533,4,69.99165755,86.86731805,16.05608471,5.789174244,3
"Wolf et al., Study 5",2023,29,37,between,,,,,,,,,,,,,,,long,,,,,,,,,,,,,,,,,,,,strength,increase,full,,,,29.92265917,40.11784391,12.21658533,17.86106722,4,45.80845943,51.9726941,9.058237074,10.94187469,3
"Wolf et al., Study 5",2023,29,37,between,,,,,,,,,,,,,,,long,,,,,,,,,,,,,,,,,,,,strength,increase,full,,,,78.55036571,95.99430782,21.49616995,15.38641544,4,104.2785206,114.8323499,37.27873037,32.60032419,3
"Wolf et al., Study 5",2023,29,37,between,,,,,,,,,,,,,,,long,,,,,,,,,,,,,,,,,,,,strength,increase,full,,,,39.5131688,66.97021509,32.94002737,35.59134622,4,63.24462386,74.02511327,15.72748389,21.60893134,3
